average_length(inches)),average_weight(inches)),ph_of_water,Gender,life_span,idlewater,lakes,ponds,rivers,slowmovingwaters
1.37,7.17,6.5,male,5.9,1,0,0,0,0
7.66,15.9,6.6,female,9.8,1,0,0,0,0
15.33,17.13,6.1,male,23.5,0,0,0,1,0
11.92,2.72,7.2,male,5.5,0,0,1,0,0
9.16,13.57,6.7,female,26.3,0,0,1,0,0
10.89,16.75,7.2,male,9.8,0,1,0,0,0
9.75,6.93,6.4,female,2.7,0,1,0,0,0
1.03,11.68,6.4,female,9.1,0,1,0,0,0
1.37,10.49,7.1,female,19.4,0,0,0,1,0
19.53,5.68,8.0,female,19.1,0,0,0,1,0
11.93,13.82,7.9,female,2.7,0,1,0,0,0
3.2,11.56,7.6,female,14.6,0,0,0,1,0
18.67,11.3,7.8,female,21.2,0,1,0,0,0
6.35,7.46,6.0,male,14.6,0,0,0,0,1
17.93,12.16,7.6,male,10.7,0,0,0,1,0
13.6,2.65,7.8,male,16.8,0,0,1,0,0
13.93,2.89,7.2,male,27.6,0,0,1,0,0
4.3,7.57,6.4,male,24.0,0,0,1,0,0
10.77,10.35,6.5,male,12.7,0,0,1,0,0
13.7,9.54,7.2,male,16.3,0,0,1,0,0
16.04,16.42,6.2,female,27.1,0,0,1,0,0
6.14,8.66,6.8,male,21.8,1,0,0,0,0
7.32,9.1,6.8,male,17.5,0,0,0,0,1
10.35,5.16,6.9,female,2.2,0,0,0,0,1
12.35,18.93,7.4,male,15.4,0,1,0,0,0
18.19,14.74,7.6,female,26.6,0,0,0,1,0
12.71,7.68,7.5,female,17.8,0,0,0,1,0
6.44,12.49,7.1,female,11.1,1,0,0,0,0
2.01,5.98,7.7,male,11.9,0,0,1,0,0
7.63,11.26,7.5,female,15.4,0,1,0,0,0
11.97,4.48,7.5,female,13.8,0,0,0,0,1
4.52,2.72,6.4,female,4.5,0,1,0,0,0
6.6,16.79,7.1,male,3.2,1,0,0,0,0
15.99,5.09,6.0,male,17.0,0,1,0,0,0
10.27,8.74,7.0,female,14.7,0,1,0,0,0
18.22,7.41,6.1,male,11.1,0,0,1,0,0
7.31,11.68,7.1,female,25.9,0,0,0,1,0
12.63,3.08,7.0,male,4.6,0,0,0,1,0
9.32,5.94,6.9,female,16.2,0,0,0,0,1
1.12,5.94,6.2,female,18.0,0,1,0,0,0
16.44,5.51,7.3,female,1.3,0,0,0,0,1
7.16,12.51,7.8,male,4.4,0,0,0,1,0
2.1,18.84,7.7,male,15.9,0,0,0,1,0
4.65,4.17,7.6,male,25.3,0,0,0,1,0
12.51,10.75,6.5,female,18.1,0,0,0,1,0
10.21,18.83,6.8,female,3.6,0,0,0,1,0
16.25,2.79,7.1,male,18.8,0,0,1,0,0
8.71,2.8,7.9,female,7.4,0,1,0,0,0
16.5,2.29,8.0,male,7.1,0,1,0,0,0
10.36,2.08,7.6,female,22.6,0,1,0,0,0
18.24,4.44,7.0,female,21.6,0,0,0,1,0
5.48,6.77,7.6,female,12.7,1,0,0,0,0
12.63,15.68,6.1,female,19.5,0,1,0,0,0
3.3,10.33,6.2,male,6.2,0,0,0,0,1
15.68,3.04,7.1,female,7.9,0,0,0,1,0
11.54,11.67,8.0,female,19.4,0,1,0,0,0
3.76,8.7,6.9,male,5.4,0,1,0,0,0
5.73,8.52,7.9,female,3.1,0,0,0,1,0
19.67,14.79,6.7,female,1.9,0,1,0,0,0
5.56,13.73,6.5,female,9.2,1,0,0,0,0
1.57,15.83,6.6,female,9.4,0,0,1,0,0
3.22,6.65,7.6,female,1.2,0,0,1,0,0
10.54,16.01,7.5,male,7.4,0,0,0,0,1
14.5,9.16,6.2,male,6.9,0,0,0,0,1
8.92,10.97,7.8,male,8.3,1,0,0,0,0
2.24,3.16,7.9,female,16.2,0,0,1,0,0
19.65,11.77,6.3,male,23.8,0,0,0,0,1
15.8,8.29,7.0,male,4.0,0,1,0,0,0
1.18,5.38,6.6,male,17.6,1,0,0,0,0
11.61,15.09,6.7,male,21.2,0,0,0,1,0
13.44,2.22,7.8,female,11.1,0,0,0,0,1
16.5,16.36,7.5,female,20.0,0,0,1,0,0
14.05,17.34,6.8,female,11.6,0,0,0,1,0
6.18,10.32,7.2,male,13.7,1,0,0,0,0
14.89,18.22,6.2,female,10.6,1,0,0,0,0
7.0,15.02,7.2,male,5.6,0,0,0,1,0
7.01,8.26,7.2,female,12.6,0,1,0,0,0
17.92,11.7,7.5,female,11.8,0,0,1,0,0
13.64,3.1,6.4,male,3.0,0,1,0,0,0
17.46,7.03,6.4,male,3.4,0,0,0,0,1
10.28,5.23,7.1,female,24.6,0,0,0,1,0
2.01,13.3,6.4,male,19.3,0,0,0,0,1
14.44,14.8,7.4,male,23.0,0,0,1,0,0
6.38,8.07,6.9,female,11.1,0,0,0,0,1
14.62,6.76,7.8,male,3.1,0,1,0,0,0
14.29,18.82,6.9,female,1.5,0,0,1,0,0
12.94,12.29,6.2,male,26.2,0,1,0,0,0
7.85,5.11,6.6,male,9.3,1,0,0,0,0
8.17,8.7,6.6,female,1.2,0,1,0,0,0
3.81,8.55,7.5,female,27.5,0,0,1,0,0
5.17,3.52,7.0,female,23.2,1,0,0,0,0
15.27,8.51,6.8,female,7.4,0,0,0,0,1
9.51,3.57,6.7,female,19.4,0,0,0,0,1
18.25,6.37,7.9,male,11.3,0,0,0,1,0
6.14,6.21,7.1,male,8.3,0,0,1,0,0
2.46,18.8,7.4,female,7.6,0,0,0,0,1
12.86,18.55,7.2,female,24.8,0,0,0,1,0
2.8,3.62,7.1,female,2.0,0,0,0,0,1
12.7,6.41,7.3,female,24.6,1,0,0,0,0
19.52,13.46,7.2,female,17.2,0,0,0,1,0
14.12,9.61,7.6,male,4.6,0,1,0,0,0
14.7,7.71,6.5,male,24.8,0,1,0,0,0
16.75,14.84,6.3,female,21.7,0,0,0,0,1
3.61,8.63,7.8,male,22.9,0,0,0,0,1
9.18,17.87,7.9,female,7.9,0,0,0,0,1
18.26,17.97,7.6,male,10.1,0,0,0,1,0
11.33,13.73,6.1,male,6.0,0,1,0,0,0
5.96,4.92,6.9,female,11.0,0,0,0,0,1
10.22,11.66,7.8,female,17.7,0,0,1,0,0
6.56,2.61,7.5,male,17.0,0,1,0,0,0
10.95,17.51,6.5,male,1.6,0,1,0,0,0
3.58,5.64,6.6,female,12.4,0,0,1,0,0
17.19,4.43,7.8,female,2.6,1,0,0,0,0
7.16,17.48,6.7,female,27.4,0,0,1,0,0
4.9,7.01,6.4,male,12.2,0,0,0,1,0
7.33,12.75,7.7,female,27.4,0,1,0,0,0
11.53,12.96,6.1,female,17.1,0,1,0,0,0
1.59,9.19,7.9,male,2.8,0,0,1,0,0
4.69,15.64,6.3,male,2.4,0,1,0,0,0
19.94,2.59,7.8,male,1.4,0,1,0,0,0
18.88,8.42,7.2,female,23.9,0,0,1,0,0
15.06,4.34,7.9,male,25.8,1,0,0,0,0
11.75,13.91,6.8,male,11.1,1,0,0,0,0
1.65,4.14,6.7,female,27.0,0,0,1,0,0
13.56,12.66,8.0,male,24.4,0,0,0,0,1
16.98,11.81,6.5,male,25.3,0,0,0,1,0
6.52,13.48,6.3,male,16.5,0,0,1,0,0
17.92,12.9,6.3,female,7.0,0,1,0,0,0
3.48,14.84,6.5,male,15.3,0,1,0,0,0
13.89,15.65,6.6,female,8.0,0,0,0,1,0
6.55,2.74,7.2,male,9.5,1,0,0,0,0
16.81,2.63,6.8,male,6.8,0,0,1,0,0
15.94,12.51,7.8,male,13.8,1,0,0,0,0
8.2,3.94,7.5,male,21.6,0,0,1,0,0
14.73,11.99,7.4,female,15.8,0,0,0,0,1
9.92,13.73,7.4,female,4.0,0,1,0,0,0
18.91,7.38,7.4,female,10.6,0,0,0,1,0
17.7,8.65,7.7,female,23.3,0,0,1,0,0
18.25,17.72,6.4,male,4.9,1,0,0,0,0
4.39,2.44,6.9,male,19.4,0,0,0,0,1
16.81,8.8,6.8,male,16.5,1,0,0,0,0
14.53,5.29,6.1,female,24.5,0,1,0,0,0
19.58,2.21,7.1,male,21.3,0,0,1,0,0
1.26,2.53,6.7,male,2.0,0,0,0,0,1
13.01,9.09,7.0,female,6.6,0,0,0,0,1
5.61,15.95,6.6,male,1.2,0,0,0,1,0
9.94,16.81,7.9,male,24.2,0,0,0,0,1
14.69,18.7,6.7,male,20.8,1,0,0,0,0
15.03,5.47,6.8,male,8.1,0,0,1,0,0
7.87,16.8,6.4,male,18.7,0,0,0,0,1
15.89,10.29,7.9,female,13.3,0,1,0,0,0
19.91,4.84,6.5,male,7.7,0,0,0,0,1
19.76,12.04,6.3,male,24.5,0,0,0,0,1
6.96,9.46,6.6,male,18.1,0,0,0,1,0
3.05,10.58,7.1,male,1.3,0,0,1,0,0
10.64,2.93,6.1,male,2.4,1,0,0,0,0
10.47,15.53,7.6,female,21.8,1,0,0,0,0
8.13,16.75,6.2,female,17.2,1,0,0,0,0
2.94,3.8,7.9,female,5.7,0,0,0,0,1
13.61,5.91,7.7,male,1.8,0,0,0,0,1
5.14,13.71,6.5,female,26.6,0,1,0,0,0
17.06,11.97,6.6,male,11.8,0,0,0,0,1
10.37,11.54,6.7,male,21.0,0,0,0,0,1
16.56,18.76,6.6,male,2.2,0,0,1,0,0
13.29,13.4,6.4,female,1.5,0,0,1,0,0
19.39,12.11,7.9,male,16.8,1,0,0,0,0
7.49,4.4,7.4,male,2.2,0,0,0,1,0
4.74,15.92,6.6,female,6.6,0,0,0,1,0
18.6,11.08,6.4,male,20.1,0,0,0,1,0
13.55,15.38,6.5,female,4.2,0,0,0,1,0
18.32,9.5,6.1,male,9.4,0,1,0,0,0
19.52,6.27,7.0,male,17.2,0,0,0,0,1
16.71,2.01,7.8,female,6.2,0,0,1,0,0
10.92,11.52,7.3,male,25.4,0,0,1,0,0
15.48,5.77,6.8,male,27.3,0,0,1,0,0
15.14,5.91,6.5,female,8.3,0,0,0,1,0
9.69,11.66,6.4,female,18.5,0,1,0,0,0
11.2,7.19,6.8,male,7.7,0,0,1,0,0
18.87,11.91,7.7,female,16.0,0,0,1,0,0
15.59,11.94,7.0,female,14.6,1,0,0,0,0
11.35,15.75,6.7,female,24.7,0,1,0,0,0
6.18,14.31,7.0,female,25.1,0,0,0,1,0
8.61,15.52,6.2,female,11.8,1,0,0,0,0
11.51,10.92,7.4,female,27.5,0,0,0,1,0
4.26,10.91,6.2,male,11.6,0,0,0,1,0
1.36,9.71,7.7,female,10.2,1,0,0,0,0
15.54,2.04,7.7,male,8.1,0,0,1,0,0
17.97,4.35,6.5,male,27.3,0,0,0,0,1
7.72,10.93,6.9,female,8.8,0,0,0,0,1
2.77,6.24,7.2,male,9.4,0,0,1,0,0
5.54,10.08,7.5,male,13.5,0,1,0,0,0
15.97,18.41,6.5,female,18.7,0,1,0,0,0
10.02,11.07,6.7,female,14.2,1,0,0,0,0
12.25,17.13,6.0,female,2.8,0,0,0,0,1
4.65,3.56,7.8,female,7.2,0,0,0,0,1
11.31,11.4,6.5,female,22.0,0,0,1,0,0
7.86,7.75,6.2,female,7.9,0,0,0,0,1
6.14,4.17,7.7,female,14.1,0,0,1,0,0
2.24,15.41,7.0,female,19.3,0,1,0,0,0
1.13,18.36,6.7,female,5.0,1,0,0,0,0
16.67,4.59,6.6,female,10.6,0,0,0,1,0
6.96,14.8,7.6,male,13.2,0,1,0,0,0
2.09,3.55,6.9,female,15.6,0,0,1,0,0
19.26,4.06,6.4,male,20.0,0,0,0,1,0
14.06,16.82,6.1,female,17.3,0,1,0,0,0
6.34,9.36,6.2,male,1.6,1,0,0,0,0
4.72,2.91,6.3,male,1.7,0,1,0,0,0
12.69,14.44,7.2,female,23.5,0,0,0,1,0
17.35,6.45,7.3,female,4.0,0,0,1,0,0
8.98,7.37,6.6,male,19.8,0,1,0,0,0
5.94,5.43,7.7,female,21.6,0,0,0,0,1
14.97,2.01,6.7,male,21.8,0,0,0,0,1
8.18,13.89,7.3,female,11.3,0,1,0,0,0
10.66,3.63,6.1,male,19.9,0,0,0,1,0
9.11,17.25,6.9,female,16.0,0,0,0,1,0
9.48,6.62,6.9,male,17.3,1,0,0,0,0
12.59,8.58,6.3,female,22.1,0,0,1,0,0
1.03,2.57,7.0,female,20.1,0,0,0,0,1
16.48,8.96,7.0,male,5.8,0,0,1,0,0
7.49,14.42,6.6,female,20.2,1,0,0,0,0
15.44,2.86,6.7,male,16.2,1,0,0,0,0
11.28,16.0,7.0,female,19.9,0,1,0,0,0
18.26,12.43,6.3,female,16.8,0,0,0,1,0
4.23,16.7,7.6,female,2.1,0,0,0,1,0
8.85,8.08,7.4,female,14.8,0,0,1,0,0
2.06,6.99,7.5,female,14.7,0,0,0,1,0
14.23,12.09,7.9,male,25.3,0,1,0,0,0
3.86,15.1,7.5,male,11.3,0,0,1,0,0
13.96,6.43,7.7,female,23.5,0,0,0,0,1
8.21,5.21,7.3,female,12.0,0,1,0,0,0
2.57,9.86,7.7,female,26.4,0,0,0,1,0
14.83,7.42,7.5,female,19.6,0,0,1,0,0
14.46,18.2,6.3,male,6.8,0,0,1,0,0
2.73,3.33,6.5,male,19.2,0,0,0,0,1
19.49,7.46,7.2,female,27.2,0,0,0,0,1
2.97,8.88,6.2,female,26.7,0,0,0,1,0
15.93,5.15,7.8,female,6.8,0,0,1,0,0
19.62,12.76,6.8,female,20.1,0,0,0,0,1
14.5,11.95,7.1,female,8.2,0,0,0,0,1
4.38,16.95,6.7,male,9.9,0,0,1,0,0
4.24,7.11,6.4,female,20.9,0,0,0,0,1
11.65,6.47,7.6,male,4.5,0,0,1,0,0
17.84,4.91,7.3,male,4.9,1,0,0,0,0
18.02,11.33,6.8,male,9.9,0,1,0,0,0
13.72,5.93,6.8,female,19.9,1,0,0,0,0
9.26,18.75,7.8,male,14.9,0,0,1,0,0
14.72,16.84,6.5,male,17.3,0,0,0,0,1
7.98,14.29,6.3,female,22.8,0,0,1,0,0
9.2,4.6,7.7,male,4.5,1,0,0,0,0
8.93,2.16,7.8,female,15.9,0,0,1,0,0
8.93,4.62,6.1,male,27.3,0,0,0,1,0
3.72,6.48,6.6,female,15.9,0,0,0,0,1
1.71,13.12,6.8,male,15.2,0,0,1,0,0
6.17,12.93,7.5,male,1.3,1,0,0,0,0
13.41,12.7,7.2,male,21.2,0,0,1,0,0
5.74,5.05,6.7,female,23.4,0,1,0,0,0
15.56,3.13,6.9,male,11.7,0,0,0,0,1
15.21,5.33,6.1,male,23.4,1,0,0,0,0
5.32,10.99,6.2,male,2.8,0,0,1,0,0
10.16,9.2,7.8,male,9.8,0,1,0,0,0
7.03,3.46,7.0,female,21.6,1,0,0,0,0
5.95,7.7,7.8,female,22.1,1,0,0,0,0
13.66,3.41,6.6,female,13.7,0,0,1,0,0
3.54,18.11,7.2,male,1.3,0,1,0,0,0
19.7,6.61,7.1,female,1.7,0,0,0,0,1
13.89,3.26,7.8,female,3.9,0,0,0,1,0
17.84,17.06,7.6,female,27.6,0,1,0,0,0
7.93,9.31,7.5,female,1.5,0,0,0,1,0
2.13,18.68,7.5,male,17.3,0,0,0,0,1
4.31,8.74,6.1,male,26.8,0,1,0,0,0
11.5,7.09,6.1,male,2.9,0,1,0,0,0
1.85,14.8,7.7,female,2.6,1,0,0,0,0
16.16,6.14,6.4,male,18.4,0,0,1,0,0
9.2,10.12,7.9,male,14.7,0,1,0,0,0
14.61,14.42,7.7,female,13.0,0,0,0,1,0
5.53,15.14,7.1,female,2.6,0,0,1,0,0
18.24,18.92,6.7,male,16.8,0,1,0,0,0
14.25,16.23,7.1,female,17.9,0,0,0,1,0
10.71,18.02,7.9,female,13.9,0,0,0,1,0
16.78,5.34,7.9,male,12.5,0,0,0,0,1
7.42,11.97,7.5,male,16.0,0,1,0,0,0
15.31,11.57,7.7,male,12.2,0,0,0,1,0
10.49,8.61,7.9,female,9.0,0,0,0,1,0
1.93,17.39,6.9,female,15.9,0,0,0,0,1
17.04,3.92,7.1,male,18.2,0,0,1,0,0
12.6,5.87,7.1,female,7.9,0,0,0,0,1
19.8,17.21,6.0,male,5.4,0,1,0,0,0
5.8,8.59,7.4,male,10.7,0,0,0,1,0
12.22,4.93,6.2,female,15.9,0,0,1,0,0
13.64,12.14,6.5,male,18.0,1,0,0,0,0
1.35,14.66,6.7,female,4.7,0,0,0,1,0
5.79,13.09,6.2,male,14.2,0,0,0,0,1
12.22,17.52,7.3,female,1.3,0,0,0,1,0
7.03,2.0,6.3,male,12.0,0,0,0,1,0
13.86,4.28,7.4,female,22.0,0,0,0,1,0
2.32,9.02,7.2,male,24.1,0,0,0,0,1
3.25,2.67,6.1,female,21.5,0,0,0,0,1
16.63,4.28,6.0,female,20.7,0,0,0,0,1
19.34,10.01,7.6,male,11.4,0,1,0,0,0
14.15,17.34,7.6,male,1.8,1,0,0,0,0
15.34,17.89,7.0,female,17.9,0,0,0,0,1
17.92,3.66,6.5,female,16.2,0,1,0,0,0
15.57,6.22,7.1,male,27.2,0,0,0,1,0
19.58,13.98,7.9,male,20.0,1,0,0,0,0
13.72,15.24,7.0,male,8.0,0,0,1,0,0
1.17,18.41,6.2,male,15.2,0,1,0,0,0
6.55,9.78,7.3,female,10.2,0,0,0,0,1
7.74,12.17,6.4,male,9.3,1,0,0,0,0
14.78,3.17,7.1,female,2.3,0,0,1,0,0
12.14,10.11,6.9,female,19.4,0,0,0,0,1
7.97,8.32,6.8,female,27.7,0,0,0,0,1
10.61,13.71,6.9,female,16.1,0,0,0,0,1
13.37,10.66,7.2,female,25.1,0,0,0,0,1
2.14,11.71,7.2,female,2.9,0,0,1,0,0
18.29,11.21,7.3,male,2.0,0,0,0,1,0
8.98,2.82,7.8,female,17.4,1,0,0,0,0
5.91,8.75,7.3,male,19.0,0,0,1,0,0
7.62,11.7,7.9,female,13.3,0,1,0,0,0
14.83,14.41,7.5,female,1.6,1,0,0,0,0
1.27,12.85,6.2,male,7.7,0,1,0,0,0
1.33,13.43,7.2,male,27.2,0,0,0,1,0
8.68,17.16,6.6,female,26.0,0,1,0,0,0
13.04,15.0,6.8,male,23.1,1,0,0,0,0
19.79,8.43,6.6,male,26.0,1,0,0,0,0
18.81,15.92,6.5,female,13.8,0,1,0,0,0
2.25,14.08,6.2,female,17.1,0,0,0,0,1
8.95,14.91,6.8,female,12.5,0,0,0,1,0
18.51,5.41,6.6,male,5.2,1,0,0,0,0
9.47,9.49,8.0,male,5.1,1,0,0,0,0
11.33,11.02,8.0,male,6.7,0,1,0,0,0
4.6,6.53,7.0,male,10.6,0,1,0,0,0
11.9,8.07,7.6,female,16.3,0,1,0,0,0
6.89,5.3,7.9,female,2.1,0,0,1,0,0
16.8,5.63,7.2,male,10.9,0,0,0,0,1
10.01,16.79,6.2,male,16.9,0,1,0,0,0
10.96,10.01,7.5,male,1.7,0,0,0,1,0
15.62,3.44,7.9,female,19.1,1,0,0,0,0
6.04,12.8,6.5,male,21.3,0,1,0,0,0
6.01,6.09,7.3,female,12.3,0,0,1,0,0
8.39,9.13,7.7,female,5.4,0,0,0,0,1
5.57,11.24,8.0,male,19.0,0,0,1,0,0
16.66,10.22,7.9,male,9.0,0,1,0,0,0
11.42,8.98,7.6,male,10.1,0,0,0,1,0
15.18,7.52,7.3,female,16.6,0,0,0,1,0
9.47,4.71,7.3,female,10.0,0,0,0,0,1
1.23,3.45,6.3,male,20.5,0,0,1,0,0
19.89,4.11,6.2,male,6.9,0,1,0,0,0
17.88,15.6,6.9,male,19.9,1,0,0,0,0
14.65,17.51,6.1,male,5.5,0,0,0,1,0
11.79,4.31,7.2,male,9.0,0,0,1,0,0
2.88,7.28,6.3,female,13.9,0,0,0,1,0
14.65,14.1,7.0,male,21.0,0,1,0,0,0
9.09,8.48,6.9,male,2.1,0,0,0,0,1
8.17,12.0,7.9,male,18.7,0,0,0,1,0
19.02,15.4,6.5,male,25.5,0,0,1,0,0
4.24,17.73,7.8,female,17.1,0,0,1,0,0
19.72,9.48,6.4,male,14.3,0,1,0,0,0
4.2,17.86,6.2,male,14.3,0,1,0,0,0
18.58,9.41,7.4,male,14.8,0,0,0,0,1
13.84,7.24,6.6,female,16.9,0,0,0,0,1
7.37,14.33,7.7,female,15.1,0,0,1,0,0
7.67,14.28,7.6,female,27.2,1,0,0,0,0
18.93,2.39,7.8,female,12.3,0,0,0,1,0
3.84,10.51,7.6,male,26.4,0,0,0,1,0
17.31,8.7,7.3,male,4.9,0,0,1,0,0
5.05,13.59,6.1,male,18.3,0,0,1,0,0
7.08,12.06,7.7,male,10.8,0,0,1,0,0
19.43,2.51,6.6,male,9.8,0,1,0,0,0
2.08,16.08,7.1,female,10.6,0,0,1,0,0
9.67,13.61,7.6,female,19.2,0,0,0,1,0
16.91,4.21,6.7,male,4.0,0,1,0,0,0
8.07,10.88,7.1,female,23.7,0,0,0,0,1
5.36,9.65,6.2,female,6.6,1,0,0,0,0
17.9,6.12,7.4,female,5.9,0,0,0,1,0
14.49,13.82,6.8,female,15.1,0,0,0,0,1
15.47,18.01,6.0,male,26.2,0,0,0,1,0
5.51,17.87,7.8,female,15.1,0,1,0,0,0
13.12,9.86,7.6,male,12.7,1,0,0,0,0
17.71,2.25,7.4,female,9.1,0,0,1,0,0
13.33,5.12,7.8,male,12.8,0,0,0,1,0
17.48,11.1,6.5,female,13.6,0,0,0,1,0
7.08,13.78,7.3,male,25.6,1,0,0,0,0
18.08,7.13,7.8,male,5.7,0,1,0,0,0
11.1,18.92,6.4,female,23.6,1,0,0,0,0
18.16,12.83,7.4,male,6.2,0,0,0,1,0
19.73,11.53,7.4,female,23.9,1,0,0,0,0
3.42,13.2,7.5,male,5.4,0,1,0,0,0
3.63,11.47,6.3,male,15.4,0,0,1,0,0
12.78,8.17,7.7,female,18.8,0,0,0,0,1
7.79,18.05,6.4,female,24.4,0,1,0,0,0
14.63,5.16,7.9,male,13.4,0,1,0,0,0
8.84,17.48,8.0,female,9.8,1,0,0,0,0
14.11,12.07,7.8,male,24.5,0,0,0,0,1
12.18,13.47,6.6,male,21.3,0,0,0,1,0
12.5,4.61,6.3,male,8.6,0,1,0,0,0
6.02,13.7,7.5,female,21.9,0,0,0,1,0
19.96,15.42,7.6,female,18.2,1,0,0,0,0
14.73,11.86,6.3,female,7.8,0,1,0,0,0
11.55,7.0,7.0,male,16.8,0,0,0,1,0
17.76,17.16,6.1,male,15.7,0,0,0,1,0
18.69,4.94,6.1,male,21.5,1,0,0,0,0
3.31,9.05,7.6,male,20.7,0,1,0,0,0
13.19,9.36,6.9,male,15.1,0,0,0,0,1
2.21,11.07,7.1,male,5.7,0,1,0,0,0
4.91,12.78,7.8,male,13.0,0,1,0,0,0
5.62,16.42,6.5,female,2.4,0,0,1,0,0
13.94,3.43,6.8,male,8.3,0,0,0,0,1
13.05,12.51,7.0,male,23.7,1,0,0,0,0
16.43,9.6,6.6,female,10.2,0,0,1,0,0
2.43,16.14,7.5,male,19.8,1,0,0,0,0
14.17,10.59,7.5,female,16.8,0,0,1,0,0
9.23,8.33,8.0,female,18.7,0,0,1,0,0
13.09,18.02,7.8,male,21.6,0,0,0,1,0
1.9,8.53,6.5,male,15.7,1,0,0,0,0
3.82,13.48,6.7,female,27.3,0,1,0,0,0
13.45,4.73,7.5,female,18.1,0,0,0,1,0
19.81,16.47,7.5,male,2.3,0,0,0,1,0
16.27,17.6,7.5,female,6.1,0,0,1,0,0
12.57,7.85,7.5,male,13.4,0,0,0,0,1
10.32,13.57,7.0,male,5.4,0,0,0,1,0
14.71,18.79,7.8,female,7.6,0,0,0,1,0
18.42,10.75,7.3,male,28.0,0,1,0,0,0
16.26,14.13,7.4,male,9.4,0,1,0,0,0
18.68,10.36,7.8,female,11.4,0,1,0,0,0
14.98,11.82,7.7,female,12.2,0,1,0,0,0
10.05,15.47,6.7,female,13.7,1,0,0,0,0
7.68,11.46,7.9,male,19.9,0,0,0,1,0
3.35,7.88,6.1,female,1.3,0,0,0,0,1
14.84,15.26,7.1,male,6.8,0,0,1,0,0
8.0,7.87,8.0,female,20.8,0,1,0,0,0
18.21,16.81,7.3,female,22.8,0,0,0,0,1
12.25,10.3,6.3,male,27.0,0,1,0,0,0
18.38,10.63,7.3,female,2.2,1,0,0,0,0
13.96,13.8,7.5,male,25.8,0,0,1,0,0
3.85,12.85,6.1,female,4.7,1,0,0,0,0
10.92,18.66,6.1,male,1.8,0,1,0,0,0
3.85,5.3,7.4,male,7.0,0,0,0,0,1
9.88,12.1,6.8,female,10.8,1,0,0,0,0
6.53,13.21,6.3,male,18.0,1,0,0,0,0
8.28,18.84,7.4,male,18.8,1,0,0,0,0
7.58,5.68,7.5,male,15.2,0,0,0,1,0
18.88,10.85,6.7,male,1.2,0,0,0,1,0
19.62,14.34,7.0,female,20.8,0,0,0,1,0
8.35,7.4,7.3,male,9.1,0,0,0,1,0
15.32,17.32,7.6,female,27.5,0,0,0,1,0
18.66,6.85,7.0,female,19.5,0,0,0,0,1
17.61,8.55,6.7,male,3.9,0,0,0,0,1
2.97,11.32,7.9,male,25.8,1,0,0,0,0
5.4,15.4,6.2,male,23.3,1,0,0,0,0
8.24,9.02,6.3,male,25.1,0,0,0,0,1
16.17,5.08,6.3,female,10.9,0,0,1,0,0
7.39,2.67,6.7,male,21.2,1,0,0,0,0
5.74,18.7,6.8,male,11.2,0,0,1,0,0
16.08,17.91,6.5,male,7.9,0,0,0,0,1
18.2,6.5,6.8,female,11.5,0,0,1,0,0
9.78,3.66,7.6,female,26.1,0,1,0,0,0
2.9,6.13,7.5,female,18.9,0,0,1,0,0
16.9,18.39,7.7,male,17.4,0,0,0,1,0
16.56,7.16,7.9,female,19.6,0,0,0,1,0
7.1,3.22,6.5,male,17.7,0,0,0,1,0
14.87,6.92,7.5,male,20.7,0,1,0,0,0
13.24,18.65,8.0,male,24.2,0,0,0,1,0
17.97,12.4,6.5,male,8.3,1,0,0,0,0
19.89,15.76,7.2,male,15.7,0,0,1,0,0
11.2,17.93,7.7,female,24.9,0,1,0,0,0
13.72,2.75,6.3,male,25.5,0,0,0,1,0
16.42,10.55,7.6,male,4.2,0,1,0,0,0
5.39,14.44,7.9,female,14.3,1,0,0,0,0
19.89,17.16,7.5,male,3.5,1,0,0,0,0
18.13,14.35,6.7,female,4.8,1,0,0,0,0
16.65,18.4,6.3,male,16.9,0,0,0,0,1
7.88,2.98,6.9,female,11.2,0,0,0,0,1
16.43,6.16,7.5,male,16.2,0,0,1,0,0
4.21,13.75,7.9,female,25.3,1,0,0,0,0
3.15,3.61,6.6,male,22.5,0,1,0,0,0
12.22,4.43,7.9,male,25.4,0,0,0,0,1
2.79,8.27,7.8,female,4.5,0,0,1,0,0
10.22,6.25,7.3,male,28.0,0,0,0,1,0
19.28,10.79,7.9,male,2.9,0,0,1,0,0
14.97,10.48,7.2,female,26.4,0,0,0,1,0
10.95,10.1,7.1,male,25.6,0,0,0,1,0
5.71,13.44,6.7,male,13.4,0,0,0,0,1
18.22,2.65,7.8,female,7.9,0,0,0,1,0
14.86,17.49,7.8,female,3.1,0,0,1,0,0
1.71,16.09,7.1,male,16.1,0,0,0,0,1
10.89,17.22,7.0,male,17.2,0,0,0,0,1
17.39,11.66,6.5,male,18.0,0,1,0,0,0
2.75,18.47,7.5,male,3.3,0,0,1,0,0
8.05,2.52,7.8,female,14.0,0,1,0,0,0
12.35,15.21,7.6,male,8.0,0,0,1,0,0
6.37,3.63,7.1,male,5.2,0,0,1,0,0
3.38,5.52,6.2,female,26.9,1,0,0,0,0
4.7,14.78,7.2,female,15.9,0,0,1,0,0
18.22,4.62,7.4,female,16.4,0,1,0,0,0
18.48,15.48,7.5,female,18.6,0,0,1,0,0
8.05,11.82,6.3,male,12.4,0,0,0,0,1
1.6,13.95,7.3,male,10.9,1,0,0,0,0
3.84,18.32,7.5,female,20.2,0,1,0,0,0
15.02,11.8,7.3,female,12.2,0,1,0,0,0
10.47,9.32,7.7,male,15.6,0,1,0,0,0
12.21,13.58,7.0,male,24.2,1,0,0,0,0
18.93,8.17,7.9,female,19.2,0,0,1,0,0
14.92,5.67,7.0,female,25.7,0,1,0,0,0
16.98,18.82,6.5,female,21.6,0,0,0,1,0
7.83,9.56,7.4,female,11.2,0,0,1,0,0
1.68,12.96,7.7,male,13.9,0,0,0,0,1
7.34,12.34,7.6,female,21.3,0,0,0,0,1
5.73,16.68,6.3,male,24.2,0,0,0,0,1
2.81,13.41,6.8,male,20.2,0,0,1,0,0
18.98,4.18,7.1,male,11.6,0,0,0,0,1
6.26,9.07,7.0,male,6.5,0,0,1,0,0
17.65,15.7,6.2,female,20.1,0,0,1,0,0
11.61,5.94,6.7,male,5.5,0,1,0,0,0
10.35,16.25,7.8,female,14.2,0,0,0,1,0
8.87,13.5,6.2,male,13.1,1,0,0,0,0
10.86,3.31,7.5,female,22.9,0,1,0,0,0
16.21,4.42,6.2,female,19.1,0,0,1,0,0
1.72,8.98,6.6,female,25.6,0,0,0,1,0
6.17,4.02,7.7,male,11.1,1,0,0,0,0
1.65,10.8,6.8,female,14.4,0,1,0,0,0
19.19,4.34,7.2,male,16.7,0,0,0,0,1
1.96,11.56,6.5,male,4.9,1,0,0,0,0
17.54,15.03,6.2,male,11.8,0,1,0,0,0
3.38,15.76,7.6,female,2.2,0,0,0,0,1
6.6,8.78,6.7,male,12.8,0,0,1,0,0
4.82,9.66,7.1,male,20.9,0,1,0,0,0
8.39,5.8,7.1,male,2.8,1,0,0,0,0
16.56,13.4,7.6,male,15.3,0,0,0,0,1
16.54,11.43,6.1,female,24.1,0,0,0,0,1
17.39,8.11,6.1,male,19.8,0,1,0,0,0
5.86,14.24,7.6,male,23.5,0,0,0,1,0
13.29,14.79,6.8,female,3.0,1,0,0,0,0
5.95,18.3,7.8,male,4.7,0,0,0,0,1
18.54,9.49,7.0,female,5.2,0,0,1,0,0
13.74,17.53,6.4,female,5.6,1,0,0,0,0
3.55,5.96,6.5,male,3.1,0,0,0,1,0
11.61,17.52,6.8,female,9.2,0,0,1,0,0
5.92,10.35,7.8,female,6.1,1,0,0,0,0
17.3,2.03,7.7,female,5.8,1,0,0,0,0
13.27,10.75,6.1,female,23.8,0,0,0,0,1
1.81,2.24,7.1,female,4.4,0,1,0,0,0
1.13,6.09,7.5,female,9.4,0,0,0,1,0
6.9,12.53,7.6,male,4.7,0,0,0,0,1
5.95,10.83,7.6,male,6.1,0,0,0,0,1
14.2,13.97,6.3,male,9.1,0,1,0,0,0
19.51,18.45,7.2,male,24.2,0,0,0,0,1
1.49,18.5,6.8,male,13.6,1,0,0,0,0
16.06,17.14,6.9,male,27.6,0,0,0,0,1
4.43,14.97,6.6,female,2.6,0,0,1,0,0
18.56,9.89,7.9,male,6.4,1,0,0,0,0
2.02,5.65,6.6,female,14.6,0,0,0,0,1
6.91,17.27,7.0,male,6.2,0,0,0,0,1
11.9,5.88,7.6,female,13.8,0,1,0,0,0
19.19,5.77,7.2,female,9.1,0,0,0,1,0
19.27,15.47,6.8,female,3.8,0,0,1,0,0
6.95,4.51,7.1,female,27.4,0,0,0,0,1
5.24,13.84,7.3,female,13.8,0,0,1,0,0
12.23,13.77,7.6,female,5.2,0,0,1,0,0
18.17,5.25,7.8,male,3.7,1,0,0,0,0
5.11,10.69,7.9,female,20.9,0,0,0,0,1
13.58,13.68,6.8,male,23.4,0,1,0,0,0
7.4,14.52,7.1,male,11.9,0,0,0,0,1
19.04,13.86,7.0,female,20.3,0,0,0,1,0
9.86,6.71,6.7,female,3.2,0,0,1,0,0
6.11,7.41,7.7,female,27.6,0,1,0,0,0
9.45,6.57,6.1,female,9.8,0,0,1,0,0
9.8,6.74,7.1,male,15.2,0,0,1,0,0
18.51,11.63,6.4,female,7.0,0,0,0,1,0
16.38,8.91,7.0,male,20.2,0,0,0,1,0
10.39,9.83,7.0,female,11.6,0,0,1,0,0
7.63,6.8,6.6,female,12.3,1,0,0,0,0
3.25,8.61,6.2,female,26.1,0,1,0,0,0
11.89,6.81,6.2,male,18.8,1,0,0,0,0
19.64,7.99,7.7,male,26.5,0,0,0,1,0
5.75,9.23,7.4,male,2.7,0,0,1,0,0
15.98,16.96,6.5,male,23.9,0,0,0,1,0
4.95,17.1,6.7,male,26.7,0,0,0,1,0
16.54,4.98,7.1,female,1.6,1,0,0,0,0
17.67,11.7,7.8,female,13.6,1,0,0,0,0
15.42,13.9,7.1,female,5.8,0,1,0,0,0
5.12,4.04,7.6,female,3.0,1,0,0,0,0
15.09,16.04,7.7,female,9.7,0,1,0,0,0
19.46,6.61,6.9,female,13.6,0,0,0,0,1
18.42,10.75,6.8,female,19.6,0,0,0,0,1
7.04,4.38,7.6,female,5.8,0,1,0,0,0
16.75,18.8,7.1,male,9.2,0,1,0,0,0
8.91,17.85,6.5,female,21.6,0,0,1,0,0
11.03,12.29,6.2,female,1.8,0,0,1,0,0
6.5,17.26,7.9,male,13.1,0,0,0,0,1
9.73,14.84,7.2,male,4.2,0,0,0,1,0
11.76,6.98,6.5,male,1.3,0,1,0,0,0
16.05,16.66,7.0,female,12.3,1,0,0,0,0
11.68,3.11,6.3,female,26.1,0,0,1,0,0
18.65,10.42,7.4,male,11.7,0,0,0,0,1
7.46,18.18,6.1,male,18.7,0,0,0,0,1
13.0,2.98,6.9,female,19.8,0,1,0,0,0
7.52,5.42,6.9,female,21.9,0,0,1,0,0
18.62,4.82,6.9,male,12.1,0,0,1,0,0
2.36,6.35,6.6,female,15.2,1,0,0,0,0
12.6,5.26,6.5,male,6.0,0,1,0,0,0
11.8,11.05,6.6,female,22.4,0,0,1,0,0
19.92,3.93,7.2,female,21.7,0,0,1,0,0
8.05,2.42,6.5,male,4.6,0,0,0,1,0
4.99,4.31,6.5,male,2.1,0,1,0,0,0
15.04,16.46,7.7,female,19.9,0,0,0,0,1
13.3,3.81,6.9,male,25.5,0,0,0,0,1
2.46,6.95,7.0,male,3.2,0,0,0,0,1
10.25,9.19,7.8,female,12.5,0,1,0,0,0
1.17,17.4,7.6,male,10.0,0,1,0,0,0
14.78,4.37,7.6,male,2.8,0,0,1,0,0
12.12,12.11,6.8,male,18.8,1,0,0,0,0
9.28,2.99,6.3,male,17.4,0,0,0,1,0
19.53,13.57,7.2,male,5.4,0,0,0,1,0
11.59,13.63,7.0,male,15.3,0,0,0,0,1
1.29,8.73,7.6,male,19.0,0,1,0,0,0
16.31,6.38,6.1,male,25.9,0,1,0,0,0
4.07,6.85,6.8,female,24.2,0,0,0,0,1
14.39,17.59,7.3,female,1.8,0,0,0,1,0
19.75,5.82,7.7,female,25.9,0,1,0,0,0
19.59,9.6,7.7,male,23.9,1,0,0,0,0
6.99,10.46,7.3,male,27.0,0,0,0,0,1
13.9,2.56,6.9,male,10.6,0,0,0,0,1
17.45,12.4,7.1,male,19.7,0,0,0,0,1
2.5,6.13,6.2,female,1.9,0,0,1,0,0
16.01,4.24,7.3,female,18.0,1,0,0,0,0
7.71,7.51,7.6,male,23.4,0,1,0,0,0
19.36,8.52,6.4,male,24.7,0,0,0,1,0
5.49,3.35,6.9,male,2.5,0,0,1,0,0
13.23,13.69,6.2,female,22.9,0,0,1,0,0
8.68,15.47,7.4,female,20.5,0,1,0,0,0
14.58,8.24,7.4,female,11.5,0,1,0,0,0
15.75,16.82,6.7,female,23.6,0,0,0,0,1
3.01,15.65,7.4,female,22.7,0,0,0,0,1
5.53,18.64,7.9,female,4.0,1,0,0,0,0
11.12,7.72,7.3,female,14.9,0,0,1,0,0
8.38,9.06,7.9,female,24.5,0,0,0,0,1
13.58,15.11,7.0,male,16.2,0,1,0,0,0
3.84,3.19,7.6,male,21.4,0,1,0,0,0
18.28,9.49,7.1,male,27.5,0,1,0,0,0
5.83,15.57,6.2,male,5.6,0,1,0,0,0
13.12,13.03,7.5,male,18.3,0,1,0,0,0
3.88,8.4,7.6,female,22.0,0,0,1,0,0
19.08,16.45,6.5,male,16.7,0,0,1,0,0
5.5,17.5,7.0,female,2.0,0,0,0,0,1
4.88,10.82,6.1,male,17.6,1,0,0,0,0
2.56,4.53,7.4,female,21.1,1,0,0,0,0
16.99,4.26,6.5,female,15.1,0,0,0,1,0
5.08,2.89,6.5,female,20.9,0,0,1,0,0
2.77,4.89,6.4,female,12.8,0,1,0,0,0
17.73,14.09,7.9,female,6.5,0,1,0,0,0
19.46,9.59,6.5,female,19.2,0,0,0,1,0
9.37,12.3,6.9,female,23.8,0,0,0,1,0
13.2,6.35,7.7,female,25.3,0,0,0,1,0
9.15,18.13,6.5,female,15.6,0,0,0,0,1
2.78,15.61,7.4,female,11.6,0,0,1,0,0
10.94,9.83,6.4,female,18.9,0,0,1,0,0
1.32,10.75,6.8,female,17.3,0,0,0,1,0
13.62,8.45,6.7,male,12.8,1,0,0,0,0
2.53,3.24,6.9,male,13.9,0,1,0,0,0
2.49,5.3,6.1,female,19.5,0,1,0,0,0
16.8,11.55,7.0,female,22.0,0,0,1,0,0
13.06,11.67,7.1,female,11.5,0,0,0,1,0
3.84,14.7,7.4,female,4.2,0,1,0,0,0
12.75,4.68,7.7,male,18.2,0,0,0,1,0
12.33,5.25,6.8,male,24.7,1,0,0,0,0
17.0,17.28,7.2,female,19.5,0,1,0,0,0
9.52,14.34,6.2,female,2.2,1,0,0,0,0
19.16,2.21,7.7,female,12.9,0,0,1,0,0
1.26,2.23,7.0,female,23.8,0,0,0,0,1
13.3,6.42,6.0,female,17.5,0,1,0,0,0
17.11,8.17,6.3,female,11.5,0,0,0,1,0
19.84,15.77,7.6,female,8.2,0,0,1,0,0
4.19,4.5,7.9,female,15.9,0,0,1,0,0
17.61,5.56,6.8,female,27.1,0,1,0,0,0
19.28,5.4,7.0,female,18.5,0,0,0,1,0
6.32,10.15,7.3,female,18.5,0,1,0,0,0
15.48,18.24,6.5,male,1.9,0,1,0,0,0
17.02,4.02,6.2,male,2.3,0,0,0,1,0
1.07,7.38,7.7,male,9.6,0,0,1,0,0
13.97,9.2,6.2,female,8.3,1,0,0,0,0
17.63,17.24,6.3,female,24.4,0,0,0,1,0
3.3,13.34,7.6,female,9.7,0,0,0,1,0
8.09,4.31,7.0,female,6.1,0,0,0,0,1
18.72,10.13,6.5,female,21.6,0,0,0,1,0
16.09,5.25,6.1,male,7.2,1,0,0,0,0
2.9,3.35,7.5,female,20.6,0,0,1,0,0
17.52,9.68,7.0,female,17.9,0,0,1,0,0
6.72,9.83,7.3,male,27.3,0,0,0,1,0
13.05,4.69,8.0,female,9.5,0,0,0,0,1
15.54,16.28,6.0,male,12.0,1,0,0,0,0
2.68,6.16,6.9,male,2.1,0,0,0,1,0
16.03,4.25,6.6,male,23.8,0,0,1,0,0
18.04,16.88,8.0,male,16.9,0,1,0,0,0
19.25,5.45,7.0,male,7.0,0,0,1,0,0
18.24,14.32,6.1,female,14.2,0,1,0,0,0
10.5,17.53,6.5,female,4.9,0,1,0,0,0
19.73,11.63,7.1,female,7.3,1,0,0,0,0
5.58,2.78,6.1,male,9.8,0,0,1,0,0
1.51,11.04,6.3,female,18.7,0,1,0,0,0
1.66,5.47,7.5,male,27.7,0,0,1,0,0
4.18,9.16,6.9,male,2.2,1,0,0,0,0
1.61,4.03,7.3,female,5.9,0,0,0,0,1
12.5,16.06,6.6,female,20.1,0,0,0,1,0
1.25,15.86,7.3,male,19.1,0,0,0,1,0
16.84,6.73,7.8,male,16.0,1,0,0,0,0
5.71,5.79,6.9,female,6.0,1,0,0,0,0
3.92,11.64,6.5,female,21.0,0,0,1,0,0
19.01,9.3,6.9,male,3.6,1,0,0,0,0
2.67,7.73,7.6,female,16.3,0,0,1,0,0
4.64,7.18,7.2,female,6.5,0,0,0,1,0
11.72,10.55,8.0,male,5.0,0,0,0,1,0
5.12,5.34,7.6,female,16.0,0,0,1,0,0
3.72,12.63,6.5,female,12.0,0,0,1,0,0
16.08,14.27,6.6,male,22.8,0,0,1,0,0
11.29,3.0,7.6,male,23.1,0,0,0,0,1
5.65,10.14,7.6,female,17.9,0,0,0,0,1
10.4,3.69,7.8,female,10.4,0,0,1,0,0
4.5,18.58,7.4,male,14.4,0,0,0,1,0
3.45,10.71,8.0,female,9.2,0,1,0,0,0
2.9,2.59,6.5,female,9.1,0,1,0,0,0
1.91,6.78,7.0,female,10.0,0,0,0,1,0
13.41,9.15,6.4,female,8.7,0,0,0,1,0
4.78,7.59,6.1,male,11.4,0,1,0,0,0
9.68,18.88,6.5,female,24.4,0,0,0,1,0
5.38,10.44,6.5,male,20.1,0,1,0,0,0
3.74,3.38,7.0,female,1.7,0,0,0,0,1
4.67,3.61,6.2,male,12.3,1,0,0,0,0
10.83,13.0,7.6,male,6.6,0,0,0,1,0
14.16,4.08,7.1,male,11.4,0,0,0,1,0
3.24,15.09,6.9,male,7.0,0,0,1,0,0
15.19,15.32,6.3,male,7.6,0,0,1,0,0
5.89,14.7,8.0,female,23.3,0,0,0,1,0
9.51,5.84,7.4,female,27.0,1,0,0,0,0
2.45,12.53,6.4,female,21.7,0,0,0,1,0
14.65,5.49,6.3,male,2.6,1,0,0,0,0
16.83,14.22,7.0,male,23.9,0,1,0,0,0
4.63,17.7,6.5,male,9.5,1,0,0,0,0
1.17,8.42,7.8,female,6.0,0,0,1,0,0
2.57,15.69,7.8,female,9.0,0,0,1,0,0
8.33,16.55,7.3,male,4.9,1,0,0,0,0
3.01,14.17,6.1,male,17.0,0,0,1,0,0
16.87,9.76,6.1,female,15.0,0,0,1,0,0
9.01,12.42,6.1,female,2.9,0,0,0,0,1
17.46,17.95,7.8,female,1.5,0,0,1,0,0
16.17,5.73,7.2,female,19.4,0,1,0,0,0
17.08,7.88,7.4,female,11.4,1,0,0,0,0
8.41,6.9,6.4,female,19.0,0,0,1,0,0
7.14,14.03,7.9,female,9.1,0,0,0,1,0
9.41,14.24,7.4,female,16.4,0,1,0,0,0
12.9,9.28,7.7,female,21.8,0,0,1,0,0
6.82,18.05,6.8,male,16.4,1,0,0,0,0
11.07,13.1,7.0,female,21.8,0,0,0,1,0
9.99,14.62,7.2,male,21.6,0,0,0,1,0
13.9,11.33,7.1,female,27.4,0,0,1,0,0
7.75,5.06,6.2,female,27.6,1,0,0,0,0
5.03,2.93,6.3,male,2.7,0,0,1,0,0
8.28,17.33,6.9,male,13.2,0,0,1,0,0
10.38,2.34,6.3,male,27.3,0,0,1,0,0
3.8,11.79,7.2,female,27.4,0,0,1,0,0
14.99,16.61,6.3,male,7.2,0,0,0,0,1
11.17,8.89,6.8,male,20.4,1,0,0,0,0
17.76,12.44,6.4,male,8.1,0,0,1,0,0
9.75,18.54,7.0,female,21.1,0,0,0,0,1
8.68,4.33,7.9,male,21.6,0,0,0,1,0
13.93,10.21,7.1,male,15.4,0,0,0,1,0
11.18,10.55,7.7,female,17.5,0,0,1,0,0
11.0,11.55,7.4,female,10.1,0,0,1,0,0
8.31,8.8,6.0,female,13.3,0,0,1,0,0
4.06,6.37,7.9,male,19.5,0,0,1,0,0
18.55,5.08,7.1,male,4.0,0,1,0,0,0
8.03,10.53,7.5,male,19.6,0,0,0,1,0
11.86,12.36,8.0,female,9.0,0,0,1,0,0
14.12,11.57,6.2,male,11.6,1,0,0,0,0
6.92,8.2,6.8,female,9.9,0,0,0,0,1
16.92,9.71,6.4,male,23.9,0,0,0,0,1
18.25,17.52,7.3,female,12.3,1,0,0,0,0
12.13,16.16,7.6,male,26.8,1,0,0,0,0
1.82,12.58,7.2,female,9.2,0,1,0,0,0
2.54,3.2,6.7,female,16.4,0,0,0,1,0
7.52,10.19,8.0,female,12.1,0,0,1,0,0
14.86,7.42,7.8,female,26.4,1,0,0,0,0
10.29,9.47,6.5,male,5.8,0,1,0,0,0
19.29,17.04,6.5,female,5.7,1,0,0,0,0
15.2,8.99,7.8,female,21.6,0,1,0,0,0
19.92,14.53,7.6,male,7.6,0,0,0,1,0
13.44,4.83,7.7,female,19.4,0,0,0,0,1
17.34,11.95,6.2,male,27.1,0,0,0,0,1
16.62,11.78,6.7,male,25.9,0,0,0,0,1
2.18,3.97,7.4,male,4.9,0,0,1,0,0
7.92,8.73,6.7,female,8.4,0,0,0,1,0
14.47,12.83,7.3,female,26.7,1,0,0,0,0
8.12,16.89,6.4,male,27.4,0,1,0,0,0
19.01,17.49,7.0,male,9.8,0,1,0,0,0
1.88,13.08,7.4,male,14.9,0,0,0,0,1
5.7,6.15,6.1,male,15.7,1,0,0,0,0
9.94,16.68,6.5,female,15.7,0,0,0,0,1
3.54,11.56,6.3,female,27.1,0,1,0,0,0
2.12,13.36,7.4,female,23.6,0,0,0,0,1
8.27,16.55,7.6,male,19.0,0,0,0,0,1
18.41,14.78,7.1,male,3.0,0,0,0,0,1
9.35,5.16,8.0,male,4.6,0,0,0,0,1
16.9,2.99,6.9,female,1.8,0,1,0,0,0
1.4,9.37,7.3,female,18.1,0,0,0,0,1
13.26,3.16,6.7,female,1.9,0,0,1,0,0
6.44,17.86,7.7,male,11.9,0,1,0,0,0
14.53,17.51,7.6,male,19.9,0,0,0,1,0
18.26,13.96,7.3,male,20.5,0,0,1,0,0
17.87,17.31,7.8,male,17.9,0,1,0,0,0
8.05,16.73,6.7,male,18.0,0,0,0,0,1
10.17,8.37,6.6,male,9.1,0,0,0,0,1
13.77,14.49,6.1,female,3.5,0,1,0,0,0
11.35,3.14,7.3,female,27.5,0,1,0,0,0
14.13,17.46,6.9,male,9.2,0,0,0,1,0
6.34,11.41,7.1,female,21.6,0,0,0,1,0
10.0,3.58,7.3,female,7.6,0,0,0,1,0
18.68,2.01,6.3,female,23.7,1,0,0,0,0
9.27,15.62,6.8,male,24.6,1,0,0,0,0
1.46,11.21,7.9,male,25.8,0,1,0,0,0
8.6,5.57,7.0,female,20.1,0,1,0,0,0
11.06,8.83,6.4,female,21.4,0,0,0,0,1
9.63,12.12,7.5,male,22.2,1,0,0,0,0
15.7,14.68,6.3,female,16.5,1,0,0,0,0
10.23,15.84,6.2,female,22.0,1,0,0,0,0
5.0,8.6,7.6,female,14.4,0,0,1,0,0
18.73,4.15,7.5,male,25.1,0,0,0,0,1
6.49,13.68,6.1,male,12.6,0,0,0,0,1
9.5,6.22,6.7,female,5.9,0,0,0,1,0
14.26,2.28,7.4,male,23.0,0,0,0,0,1
8.49,14.22,7.8,female,9.0,0,0,0,1,0
15.6,7.95,7.4,male,24.1,0,1,0,0,0
10.33,15.34,7.1,female,15.8,0,0,0,1,0
1.28,13.74,7.6,female,7.8,1,0,0,0,0
5.15,18.08,6.6,male,3.5,0,0,1,0,0
4.33,18.13,7.8,female,3.4,0,0,1,0,0
3.99,10.51,7.9,male,27.1,0,1,0,0,0
10.23,16.19,6.3,female,2.5,0,0,0,0,1
19.87,18.59,7.6,male,10.0,0,1,0,0,0
12.29,9.68,7.1,female,26.2,0,0,1,0,0
7.74,9.08,6.4,male,24.6,0,1,0,0,0
2.55,10.54,7.6,male,14.8,0,0,0,0,1
13.54,8.3,7.5,male,3.6,0,1,0,0,0
10.21,6.14,7.3,female,24.1,0,1,0,0,0
11.77,4.72,6.2,female,21.9,0,0,0,1,0
12.87,14.83,6.6,male,27.4,0,0,0,1,0
17.72,12.59,6.3,female,18.9,0,1,0,0,0
18.04,6.18,6.7,female,11.2,0,0,0,1,0
17.67,5.17,7.7,female,24.0,1,0,0,0,0
1.39,10.21,6.3,female,3.4,0,0,0,0,1
19.04,16.92,7.9,male,1.1,0,0,0,1,0
9.0,6.21,7.0,female,5.3,0,0,1,0,0
1.29,17.13,6.1,female,20.9,0,0,1,0,0
4.43,4.81,7.3,male,24.8,0,1,0,0,0
1.51,8.82,6.3,female,6.4,0,1,0,0,0
4.65,11.3,7.7,female,15.1,1,0,0,0,0
15.52,15.64,7.1,female,23.0,0,0,0,1,0
10.93,7.0,7.3,female,7.7,0,0,0,1,0
1.5,16.32,7.9,male,27.4,1,0,0,0,0
6.56,17.05,6.3,female,7.7,0,1,0,0,0
13.43,9.19,6.5,male,18.4,0,0,1,0,0
2.56,10.26,7.7,male,7.7,0,0,0,0,1
7.82,4.93,7.1,female,19.3,0,0,0,0,1
2.25,15.15,7.1,male,11.0,0,1,0,0,0
12.61,14.41,6.6,female,19.6,0,0,0,1,0
16.96,8.97,7.5,male,8.2,1,0,0,0,0
16.87,4.63,6.4,female,4.0,1,0,0,0,0
6.46,13.79,7.3,male,9.4,0,0,0,0,1
16.39,15.33,7.4,female,22.6,1,0,0,0,0
9.63,14.21,7.8,male,11.9,0,1,0,0,0
13.74,13.01,6.7,female,23.1,0,0,0,1,0
17.53,2.18,6.8,male,15.1,0,0,0,1,0
1.33,9.64,7.7,female,17.1,0,0,0,0,1
3.1,10.23,7.0,male,11.7,0,0,0,1,0
1.64,15.99,7.5,female,20.8,0,1,0,0,0
14.33,11.01,7.2,male,3.1,0,0,0,1,0
10.3,3.6,6.5,male,8.6,0,1,0,0,0
14.22,6.49,6.5,female,6.4,0,0,0,1,0
5.27,14.79,6.7,male,23.3,0,1,0,0,0
2.0,2.45,7.3,male,20.9,0,1,0,0,0
16.92,13.54,6.1,male,19.5,1,0,0,0,0
3.29,10.91,7.6,female,7.3,0,1,0,0,0
7.36,18.08,6.9,male,4.6,0,0,0,0,1
8.61,13.23,7.5,female,18.2,0,0,0,1,0
12.85,4.15,7.1,female,2.1,1,0,0,0,0
19.19,5.95,7.6,female,13.0,0,1,0,0,0
4.96,15.28,7.3,female,2.8,0,1,0,0,0
16.84,13.75,6.4,female,6.1,0,1,0,0,0
1.1,4.33,7.5,female,23.5,0,0,0,0,1
3.82,10.45,6.7,female,8.0,0,0,1,0,0
2.57,13.8,6.4,female,19.8,1,0,0,0,0
3.29,6.95,6.4,female,10.0,0,0,0,0,1
7.86,13.06,7.2,male,12.7,0,1,0,0,0
3.28,5.1,7.8,female,4.4,0,0,0,1,0
15.27,11.54,6.2,female,22.0,1,0,0,0,0
7.01,7.04,6.5,female,3.7,0,0,0,1,0
2.48,15.23,6.5,male,21.5,1,0,0,0,0
12.06,10.98,6.0,male,19.1,0,0,0,1,0
14.42,10.69,7.8,male,11.4,0,0,1,0,0
5.45,11.42,6.4,male,8.7,1,0,0,0,0
3.76,14.36,7.6,female,8.3,0,0,0,1,0
19.14,17.0,6.6,male,15.9,0,1,0,0,0
15.09,3.86,7.2,female,10.9,0,1,0,0,0
18.35,3.25,7.4,male,6.0,0,0,0,1,0
16.63,2.57,7.1,female,10.1,0,0,0,0,1
14.94,16.57,6.4,male,19.3,1,0,0,0,0
6.16,17.88,7.0,male,15.5,1,0,0,0,0
17.79,18.24,6.3,female,22.6,0,0,0,0,1
7.85,11.57,7.8,male,6.2,1,0,0,0,0
13.82,15.55,7.5,female,12.7,0,1,0,0,0
2.21,10.54,6.5,female,19.3,0,0,0,1,0
2.93,12.07,7.8,female,13.2,0,0,0,0,1
3.23,18.03,7.6,female,15.5,0,0,1,0,0
16.47,12.64,7.9,female,14.4,0,0,0,0,1
12.11,7.22,7.9,male,23.2,1,0,0,0,0
5.37,16.09,8.0,female,26.0,0,0,0,0,1
11.77,12.75,7.3,female,12.6,0,0,0,0,1
3.01,12.28,7.8,female,26.1,1,0,0,0,0
6.66,10.92,6.4,male,3.9,0,0,0,0,1
4.66,2.75,7.2,female,12.1,0,0,0,0,1
11.19,3.52,7.1,male,2.4,0,1,0,0,0
12.82,4.64,7.6,female,10.4,0,0,1,0,0
6.29,2.05,7.8,male,21.4,0,0,1,0,0
16.86,9.54,6.3,female,1.6,0,0,0,0,1
17.73,7.52,7.2,female,13.0,0,0,1,0,0
1.54,3.67,7.6,female,11.4,0,1,0,0,0
6.78,13.87,6.0,male,24.3,0,0,0,0,1
17.3,17.87,7.6,female,18.7,0,1,0,0,0
2.04,8.38,7.2,female,8.9,1,0,0,0,0
15.88,8.01,7.4,female,24.9,0,0,0,1,0
10.15,4.2,7.9,male,13.9,1,0,0,0,0
15.01,17.89,7.1,male,23.0,0,1,0,0,0
3.0,2.78,6.8,female,9.9,0,1,0,0,0
17.92,2.94,7.4,female,16.3,0,1,0,0,0
3.3,11.45,7.5,male,27.8,0,0,0,1,0
4.68,10.31,6.5,male,8.7,1,0,0,0,0
5.4,9.31,6.7,female,4.9,0,0,0,0,1
5.47,5.56,7.3,female,20.4,0,0,1,0,0
15.29,6.93,6.4,female,17.5,0,0,1,0,0
15.41,12.02,7.8,male,15.8,0,0,0,0,1
1.01,8.2,6.3,male,12.2,0,0,0,0,1
4.5,5.67,8.0,male,5.6,0,0,0,1,0
14.39,4.82,7.7,male,10.7,0,1,0,0,0
2.0,10.99,6.3,male,17.9,0,1,0,0,0
13.7,2.59,6.4,male,15.9,0,1,0,0,0
7.56,5.19,7.1,female,19.6,0,0,1,0,0
7.45,15.29,8.0,male,2.4,0,1,0,0,0
3.22,6.98,6.9,female,1.6,0,0,0,0,1
13.68,5.55,8.0,female,3.4,1,0,0,0,0
2.47,4.24,7.9,female,4.2,0,0,0,0,1
13.76,7.21,6.6,female,25.3,0,0,1,0,0
3.02,2.12,6.7,male,2.2,1,0,0,0,0
11.39,13.56,7.2,female,18.0,1,0,0,0,0
17.25,18.47,7.0,male,1.7,0,0,1,0,0
8.27,2.85,7.1,male,20.8,0,1,0,0,0
7.69,4.75,7.6,female,1.8,0,1,0,0,0
4.72,12.2,6.6,male,1.5,0,1,0,0,0
11.13,15.85,7.1,male,4.9,0,0,1,0,0
7.17,2.19,6.3,female,14.6,0,0,0,0,1
17.0,6.27,7.5,female,27.0,1,0,0,0,0
2.41,17.19,7.8,female,4.4,0,1,0,0,0
3.37,7.7,7.5,female,13.4,0,0,0,1,0
16.07,16.67,7.9,male,2.1,1,0,0,0,0
2.89,12.47,6.9,female,27.5,1,0,0,0,0
13.83,13.44,7.7,male,27.8,0,0,0,1,0
10.74,16.88,7.3,female,5.7,0,0,0,0,1
14.69,5.87,6.2,female,10.9,0,0,1,0,0
11.69,10.0,6.2,male,9.4,0,1,0,0,0
10.98,11.99,7.4,male,9.9,0,0,0,0,1
11.86,8.72,7.4,female,12.6,0,0,0,0,1
12.79,6.38,7.7,female,19.1,0,0,0,0,1
10.07,18.96,7.9,female,22.7,0,0,0,0,1
16.92,13.45,7.7,female,23.5,0,0,0,1,0
6.01,6.39,6.9,male,5.7,0,0,0,1,0
7.1,11.63,6.6,female,22.2,0,0,0,0,1
6.84,8.21,6.5,female,27.8,0,0,0,0,1
12.3,14.92,7.4,female,13.1,0,0,0,1,0
1.37,16.37,7.2,male,18.9,0,0,0,1,0
5.8,2.09,6.5,female,17.9,1,0,0,0,0
16.13,18.18,7.7,female,14.3,0,0,0,0,1
1.42,6.59,7.8,female,10.4,0,1,0,0,0
12.63,4.47,7.0,female,6.3,1,0,0,0,0
8.53,12.67,6.2,female,5.7,0,1,0,0,0
14.99,9.79,6.8,female,20.1,1,0,0,0,0
13.56,11.39,6.8,female,8.4,0,0,0,0,1
6.42,10.51,7.1,female,8.4,0,0,1,0,0
4.58,9.95,7.4,male,18.8,0,0,0,0,1
13.17,5.57,6.6,female,3.8,0,0,1,0,0
18.19,5.84,6.3,female,25.9,0,0,1,0,0
15.07,2.11,7.5,female,23.5,0,1,0,0,0
11.99,9.64,7.6,male,8.3,1,0,0,0,0
14.42,14.24,7.6,female,20.3,0,0,0,1,0
6.19,3.64,6.0,female,4.1,0,0,1,0,0
18.19,17.55,7.4,male,24.8,0,0,0,1,0
3.13,16.89,7.7,male,26.0,0,0,0,1,0
14.17,3.42,7.6,female,8.6,0,0,0,1,0
6.48,8.34,6.0,female,26.6,0,0,0,1,0
2.76,8.38,6.3,male,21.7,0,1,0,0,0
17.02,5.79,6.6,female,23.0,0,0,0,0,1
3.68,5.0,6.4,female,13.2,0,0,0,1,0
12.29,10.95,7.0,female,19.6,0,0,0,1,0
19.04,15.54,6.7,male,8.6,0,0,0,1,0
17.95,18.18,6.0,male,7.5,0,1,0,0,0
5.41,18.31,6.4,female,10.6,0,0,1,0,0
1.03,7.66,7.9,male,26.1,1,0,0,0,0
6.48,11.16,7.0,male,10.2,0,0,0,1,0
15.17,9.34,6.9,female,25.2,0,0,0,0,1
12.31,10.0,7.3,female,11.6,0,1,0,0,0
4.94,13.11,7.0,male,18.8,0,1,0,0,0
13.18,8.7,6.4,female,18.1,0,0,0,1,0
13.14,9.47,6.4,female,19.1,0,0,0,0,1
17.79,15.59,7.3,female,21.9,1,0,0,0,0
19.67,16.93,6.3,female,4.4,0,0,1,0,0
14.53,11.2,6.3,female,21.3,0,0,0,1,0
14.26,4.81,7.8,female,3.1,0,0,0,1,0
1.29,5.84,6.3,female,26.3,1,0,0,0,0
13.99,8.01,6.2,female,12.9,1,0,0,0,0
9.74,12.9,7.8,male,12.8,0,0,1,0,0
3.18,13.79,7.7,female,5.5,0,0,0,1,0
12.56,9.57,7.6,male,24.0,0,0,0,0,1
8.44,14.05,6.7,male,23.4,0,1,0,0,0
18.54,17.31,7.5,female,20.3,1,0,0,0,0
15.74,11.48,6.6,female,16.3,0,0,1,0,0
5.15,3.51,7.8,female,10.0,1,0,0,0,0
4.84,12.41,7.0,female,14.3,0,1,0,0,0
13.58,18.84,7.3,male,17.4,0,0,0,1,0
16.04,5.95,7.3,male,16.0,0,1,0,0,0
2.13,15.79,6.9,male,22.8,0,0,0,1,0
14.37,15.76,7.2,female,6.1,0,0,0,1,0
17.73,10.02,6.7,female,21.1,0,0,0,1,0
3.38,16.38,7.5,male,20.0,0,1,0,0,0
7.51,10.7,7.7,female,8.9,1,0,0,0,0
5.19,8.64,7.9,female,26.3,0,0,1,0,0
18.77,6.36,7.6,female,17.7,0,1,0,0,0
14.34,3.93,7.2,male,1.0,1,0,0,0,0
17.25,5.96,6.6,male,14.8,0,0,0,1,0
19.19,12.2,7.3,male,10.2,0,0,0,0,1
7.65,10.57,7.4,female,20.2,0,0,1,0,0
6.43,16.26,6.3,female,21.0,0,0,0,1,0
2.43,18.2,6.9,male,18.5,0,0,0,0,1
6.85,18.64,7.6,female,2.5,0,0,0,1,0
19.72,4.22,6.8,female,8.0,1,0,0,0,0
7.21,17.41,7.9,female,13.8,0,0,0,0,1
10.39,18.55,6.5,male,4.4,1,0,0,0,0
9.29,14.39,6.4,female,16.4,1,0,0,0,0
3.75,6.79,7.2,male,19.7,0,0,1,0,0
4.6,4.06,7.2,female,16.6,0,1,0,0,0
4.43,15.87,6.0,female,27.7,0,0,1,0,0
9.64,11.96,6.4,male,9.3,1,0,0,0,0
4.21,10.17,6.9,male,7.1,0,0,0,0,1
8.91,7.82,6.8,male,7.2,1,0,0,0,0
12.99,9.61,6.8,male,6.4,0,1,0,0,0
15.45,17.24,6.9,female,4.7,0,0,1,0,0
14.97,9.5,6.7,male,15.3,0,1,0,0,0
8.05,4.84,6.2,male,17.1,0,0,0,1,0
4.9,7.78,7.7,male,8.2,0,0,0,1,0
19.83,16.86,6.1,male,21.0,1,0,0,0,0
15.5,15.86,7.0,male,18.5,1,0,0,0,0
15.74,17.34,7.3,female,15.3,1,0,0,0,0
9.11,2.61,6.1,male,10.4,1,0,0,0,0
14.94,4.82,7.6,female,6.3,0,0,1,0,0
1.0,11.13,6.5,male,9.3,1,0,0,0,0
13.21,9.42,6.7,female,1.9,0,0,0,1,0
6.63,18.08,6.2,female,23.1,0,0,0,1,0
5.11,11.61,6.5,male,22.5,0,0,0,0,1
16.68,14.96,7.9,female,15.2,0,0,1,0,0
17.12,2.04,8.0,female,6.6,0,1,0,0,0
11.35,10.0,6.7,female,14.7,1,0,0,0,0
12.18,2.99,6.6,male,24.8,0,1,0,0,0
16.48,6.84,7.4,female,11.7,0,0,0,0,1
19.14,11.76,6.6,male,25.0,0,0,1,0,0
9.6,12.52,6.3,male,3.1,0,0,0,1,0
1.01,18.29,6.3,male,17.8,0,1,0,0,0
16.94,15.84,6.5,female,7.0,0,0,0,1,0
1.24,17.02,7.2,female,9.4,0,0,0,0,1
15.03,8.39,6.4,male,17.2,0,0,0,1,0
6.12,2.02,7.5,female,13.2,0,0,0,1,0
18.3,17.12,6.6,female,11.8,0,0,0,1,0
11.36,9.28,6.3,female,21.3,0,0,0,0,1
14.05,8.33,6.7,female,10.8,0,0,0,0,1
16.44,10.09,6.8,male,16.9,0,0,0,1,0
16.71,9.54,7.7,male,4.8,0,1,0,0,0
5.97,9.72,7.2,male,21.1,0,0,0,1,0
12.21,17.69,6.1,male,8.9,0,0,0,0,1
17.1,16.93,6.8,male,16.5,0,0,0,0,1
1.11,9.23,6.3,female,6.5,1,0,0,0,0
12.55,14.42,7.0,female,8.8,0,0,1,0,0
3.97,9.04,7.7,male,26.1,0,0,0,0,1
11.86,5.54,7.8,female,11.8,0,1,0,0,0
10.51,13.89,7.1,male,24.2,0,0,1,0,0
12.71,11.92,7.9,female,1.8,0,1,0,0,0
10.32,4.71,6.0,male,7.7,0,0,0,0,1
14.36,4.5,7.1,female,27.4,0,1,0,0,0
1.14,12.55,6.8,male,23.5,0,0,0,0,1
13.77,5.66,6.2,male,4.9,0,0,1,0,0
9.78,18.17,6.8,male,18.2,0,1,0,0,0
19.13,16.99,6.7,female,19.5,1,0,0,0,0
6.23,13.29,7.3,male,1.1,1,0,0,0,0
14.26,15.43,6.1,female,17.0,0,1,0,0,0
7.43,5.21,7.7,male,5.8,0,0,0,1,0
5.85,18.68,6.7,female,21.6,0,0,1,0,0
9.13,18.39,7.5,male,4.2,1,0,0,0,0
14.31,17.52,7.6,female,13.9,0,0,0,0,1
10.4,12.21,6.2,male,6.9,0,0,0,0,1
13.3,8.09,6.6,male,12.8,0,0,1,0,0
6.99,7.77,6.8,male,15.6,0,0,0,1,0
13.92,10.2,7.7,female,23.1,0,0,1,0,0
4.39,9.15,6.5,male,21.0,0,0,0,1,0
4.39,7.44,7.0,female,16.9,1,0,0,0,0
3.06,15.01,6.5,female,4.3,1,0,0,0,0
6.24,10.46,7.4,female,3.1,0,1,0,0,0
10.47,13.14,7.3,male,1.2,0,0,0,1,0
6.45,7.31,6.7,female,26.8,0,1,0,0,0
7.1,5.09,6.7,male,17.7,0,0,0,1,0
19.47,5.66,6.3,female,14.8,1,0,0,0,0
19.98,10.1,6.8,male,10.3,0,0,0,1,0
5.93,6.65,6.5,male,10.7,0,0,0,0,1
4.19,17.18,7.0,male,14.6,0,0,0,1,0
9.51,5.79,6.1,female,9.2,0,0,1,0,0
14.9,2.87,7.4,male,15.0,0,0,1,0,0
4.37,16.16,6.9,male,13.5,1,0,0,0,0
4.62,7.11,7.7,male,3.2,0,1,0,0,0
6.91,3.79,7.2,female,18.9,0,0,0,0,1
8.82,6.88,6.1,male,27.2,0,1,0,0,0
6.69,17.48,7.3,male,14.6,0,0,0,1,0
18.39,7.7,7.2,female,7.7,0,0,0,1,0
11.96,15.25,7.5,female,16.6,0,1,0,0,0
11.89,8.74,7.0,female,8.0,0,0,0,0,1
15.82,5.93,6.5,female,14.3,0,0,0,0,1
8.46,9.71,6.4,male,16.0,1,0,0,0,0
8.88,5.53,7.6,female,15.3,0,0,1,0,0
10.88,17.87,6.9,male,20.2,0,0,0,0,1
11.03,5.92,6.5,female,23.0,0,1,0,0,0
15.82,6.57,7.6,male,11.7,0,0,1,0,0
13.04,15.51,7.2,male,26.6,1,0,0,0,0
14.45,16.84,6.7,male,18.6,0,1,0,0,0
12.61,17.14,7.9,female,26.4,0,0,0,1,0
15.59,6.97,7.4,female,3.4,1,0,0,0,0
7.14,15.24,7.9,female,10.1,0,0,0,0,1
8.92,15.81,6.7,female,16.4,0,0,1,0,0
19.47,7.03,6.4,female,13.6,1,0,0,0,0
11.05,12.28,7.2,female,27.1,1,0,0,0,0
6.1,17.44,7.2,female,26.2,0,0,1,0,0
5.09,18.44,7.0,male,12.0,0,0,0,1,0
7.95,8.7,7.5,male,20.1,0,0,1,0,0
11.25,4.18,6.6,male,17.3,0,1,0,0,0
17.46,9.34,7.3,female,4.5,0,0,0,1,0
14.34,6.88,7.9,male,2.8,1,0,0,0,0
6.82,17.63,7.8,female,23.2,1,0,0,0,0
18.85,7.33,6.7,male,22.7,1,0,0,0,0
17.72,16.49,7.1,male,24.6,0,0,1,0,0
17.19,15.88,7.1,female,9.8,0,0,1,0,0
11.43,6.47,6.9,male,7.6,0,1,0,0,0
1.48,3.54,6.1,female,22.2,1,0,0,0,0
16.8,12.48,6.5,male,22.9,0,0,0,0,1
16.06,9.23,7.6,female,5.0,0,1,0,0,0
10.56,9.15,7.8,female,18.3,0,0,0,0,1
11.69,3.76,7.6,male,9.3,0,0,0,1,0
18.84,3.8,7.8,male,25.0,0,0,0,1,0
4.9,2.74,7.8,female,22.0,0,1,0,0,0
2.75,3.3,6.3,female,2.9,0,0,1,0,0
10.77,14.96,7.3,female,27.8,0,0,0,0,1
14.32,2.61,6.0,male,13.9,0,1,0,0,0
14.92,15.04,7.1,female,26.1,0,0,0,1,0
9.24,16.95,8.0,female,10.9,0,0,0,1,0
4.75,13.48,6.1,female,24.7,0,0,1,0,0
18.96,7.51,7.7,male,7.5,1,0,0,0,0
5.32,2.27,7.4,male,2.9,1,0,0,0,0
5.32,10.96,6.2,male,21.0,1,0,0,0,0
15.29,14.92,6.1,male,10.7,0,0,0,1,0
19.1,15.85,6.3,female,23.3,0,0,0,1,0
5.44,3.71,7.5,female,8.3,1,0,0,0,0
13.99,3.09,6.0,male,8.6,0,0,0,1,0
2.77,10.1,7.3,male,6.4,1,0,0,0,0
19.38,5.43,6.9,male,19.9,0,0,0,1,0
15.86,16.41,7.0,male,9.8,0,1,0,0,0
14.84,14.28,7.1,male,12.3,1,0,0,0,0
1.11,13.61,6.8,female,5.5,1,0,0,0,0
18.75,11.65,7.7,female,7.6,0,0,0,1,0
9.13,14.98,7.9,female,8.4,0,0,0,0,1
6.15,16.35,6.1,male,20.8,0,0,1,0,0
7.37,14.38,7.3,male,16.0,0,0,0,1,0
19.97,15.96,7.2,female,1.3,0,0,1,0,0
18.03,8.98,7.6,male,22.0,0,0,0,0,1
11.12,15.08,7.5,male,16.3,0,0,1,0,0
1.1,8.79,6.1,male,13.4,0,0,0,1,0
6.94,8.93,7.9,female,8.7,0,1,0,0,0
6.87,2.05,6.9,female,13.7,0,1,0,0,0
8.89,8.71,7.1,male,5.6,0,0,0,0,1
9.33,15.45,7.0,female,19.5,0,0,0,0,1
12.74,16.43,6.8,female,16.4,0,0,0,1,0
7.59,10.19,8.0,female,7.9,1,0,0,0,0
2.23,7.84,7.4,male,5.1,0,0,1,0,0
14.84,14.24,7.5,male,20.5,1,0,0,0,0
4.2,15.41,7.9,male,9.3,0,0,0,0,1
2.15,4.89,7.9,female,12.3,0,0,0,0,1
12.19,13.74,6.2,female,21.2,1,0,0,0,0
5.19,3.21,6.5,female,16.0,0,0,0,1,0
9.68,4.68,6.4,male,15.6,0,0,1,0,0
4.94,4.83,7.5,female,20.5,0,0,0,1,0
15.07,11.48,7.4,female,24.0,0,0,1,0,0
16.99,2.92,7.7,female,3.5,1,0,0,0,0
7.95,3.04,7.1,female,20.7,0,0,0,0,1
3.27,16.95,6.4,male,22.1,0,1,0,0,0
15.35,10.2,6.3,male,22.7,0,0,0,1,0
18.09,10.41,7.7,male,20.8,0,0,1,0,0
14.95,10.89,6.3,female,2.3,0,0,1,0,0
17.99,10.9,6.6,male,18.6,0,0,0,0,1
13.46,3.1,7.8,male,12.2,0,0,1,0,0
6.53,4.16,7.1,male,9.9,0,0,0,0,1
19.15,3.61,6.1,male,19.7,0,0,0,0,1
3.27,5.72,6.9,male,12.3,1,0,0,0,0
5.77,9.58,6.7,female,8.2,1,0,0,0,0
14.39,3.32,7.5,male,18.6,0,0,0,1,0
18.37,15.16,6.3,male,22.4,0,1,0,0,0
18.94,11.5,6.4,female,24.5,0,0,0,1,0
15.0,3.85,7.1,female,7.0,0,1,0,0,0
18.04,18.36,7.0,male,18.9,0,1,0,0,0
19.91,18.81,7.7,female,12.8,0,1,0,0,0
12.56,10.64,6.1,female,10.9,0,0,1,0,0
12.19,12.69,6.9,female,18.3,0,1,0,0,0
13.71,7.33,6.9,male,23.3,1,0,0,0,0
1.43,2.89,6.0,female,26.2,0,0,0,1,0
9.28,4.39,7.0,male,4.7,0,0,1,0,0
11.87,17.61,7.2,female,5.3,1,0,0,0,0
3.46,13.48,6.1,female,3.2,0,0,0,1,0
10.9,10.67,6.8,male,17.9,0,0,0,1,0
3.08,9.35,7.6,male,24.5,0,0,0,0,1
13.68,3.48,7.5,male,22.8,0,0,0,0,1
10.99,5.61,6.2,female,6.4,0,0,0,0,1
13.02,8.68,7.7,female,10.9,0,0,0,1,0
8.66,14.15,6.9,female,5.2,0,0,0,0,1
9.13,12.76,7.8,female,7.9,0,1,0,0,0
13.16,3.42,7.6,female,7.1,0,0,0,1,0
4.0,2.27,6.6,male,1.5,0,0,0,0,1
12.93,14.81,7.9,female,13.0,1,0,0,0,0
9.08,14.03,6.2,female,15.5,0,1,0,0,0
14.77,11.87,6.4,male,21.6,1,0,0,0,0
8.98,13.67,7.6,female,23.0,0,0,1,0,0
11.15,9.05,6.4,female,14.9,1,0,0,0,0
10.52,3.27,6.1,male,13.1,0,0,0,0,1
18.75,5.06,6.3,male,19.2,0,0,0,0,1
3.42,3.73,6.3,female,9.6,0,0,1,0,0
3.11,17.9,7.4,female,17.8,1,0,0,0,0
11.41,11.55,7.8,female,22.4,0,0,0,1,0
12.16,17.99,6.8,female,25.2,0,0,1,0,0
5.86,3.5,7.2,female,5.3,0,0,0,1,0
18.0,15.31,6.5,male,21.4,1,0,0,0,0
18.3,11.06,7.7,male,18.9,0,0,1,0,0
1.3,8.27,7.3,female,27.9,0,1,0,0,0
18.07,18.06,6.6,male,18.8,0,0,0,1,0
11.9,11.26,7.5,male,8.8,0,1,0,0,0
15.33,8.81,6.0,male,24.4,0,0,1,0,0
1.11,4.47,7.2,female,26.7,0,0,0,1,0
7.07,3.53,7.9,male,11.1,0,0,1,0,0
7.7,15.41,7.8,female,15.6,0,0,1,0,0
17.54,4.81,7.5,male,21.0,0,0,0,1,0
15.73,13.5,6.6,female,12.3,0,0,1,0,0
6.29,18.89,6.6,female,7.5,0,0,0,0,1
7.94,9.06,6.2,male,6.2,0,0,0,0,1
15.76,15.6,6.4,female,3.2,0,1,0,0,0
12.04,18.47,7.2,male,3.4,0,0,1,0,0
12.27,5.25,7.0,male,2.8,0,0,0,0,1
11.07,14.62,6.9,male,22.5,0,0,1,0,0
6.99,12.84,6.8,male,19.3,0,0,1,0,0
11.3,3.82,6.8,female,3.8,0,1,0,0,0
1.0,12.52,7.4,female,2.3,0,1,0,0,0
12.74,14.21,6.1,male,25.9,0,0,0,1,0
16.39,10.0,7.2,female,5.8,1,0,0,0,0
11.72,5.3,7.4,female,2.9,0,1,0,0,0
3.68,10.16,7.9,male,16.4,0,0,1,0,0
2.43,12.37,7.2,male,2.0,0,0,0,0,1
12.38,18.39,6.8,female,18.4,0,0,1,0,0
18.15,15.62,6.6,male,8.4,1,0,0,0,0
8.05,7.97,7.8,female,11.0,0,0,0,0,1
11.54,8.15,7.0,male,13.8,0,1,0,0,0
1.21,3.16,6.3,female,21.4,0,0,1,0,0
12.25,2.33,7.9,male,25.0,0,0,0,1,0
3.55,5.73,6.7,female,20.2,1,0,0,0,0
2.99,14.86,7.4,female,26.3,0,1,0,0,0
14.69,16.4,7.1,female,12.9,0,1,0,0,0
10.18,8.74,6.8,male,1.7,0,0,0,1,0
11.55,11.61,7.5,female,13.6,1,0,0,0,0
13.1,9.81,7.8,male,3.2,0,1,0,0,0
12.59,7.8,7.8,female,17.0,0,0,1,0,0
5.22,9.21,7.7,female,24.0,0,1,0,0,0
14.84,18.18,6.9,male,8.7,0,0,0,0,1
18.63,5.84,7.4,male,3.1,0,1,0,0,0
18.6,13.74,6.8,male,3.2,0,0,0,1,0
15.67,17.78,6.2,female,18.9,0,1,0,0,0
2.14,18.2,6.7,male,8.0,0,0,0,0,1
8.63,3.7,6.3,female,8.5,1,0,0,0,0
2.64,6.37,7.5,female,21.3,0,0,1,0,0
18.91,2.28,6.2,female,2.2,0,0,0,1,0
8.03,8.41,7.9,male,14.5,0,0,0,1,0
2.26,9.34,6.2,male,12.3,0,0,0,0,1
19.47,5.94,6.7,male,19.4,0,1,0,0,0
6.28,15.78,7.0,female,14.3,1,0,0,0,0
9.57,16.07,6.7,male,20.2,0,0,0,1,0
1.03,9.9,6.4,female,3.3,0,0,0,1,0
1.24,12.55,7.8,male,7.7,1,0,0,0,0
1.52,3.01,6.6,male,17.6,1,0,0,0,0
2.6,8.97,6.1,male,21.2,0,1,0,0,0
5.79,11.22,6.4,male,22.1,0,1,0,0,0
14.42,17.07,7.3,female,12.1,0,0,0,1,0
15.56,17.55,6.1,female,20.3,1,0,0,0,0
1.47,11.92,7.8,female,2.3,1,0,0,0,0
11.86,13.67,6.3,male,14.8,0,0,1,0,0
1.66,5.32,7.8,male,10.9,0,0,0,0,1
14.44,10.39,7.3,female,19.8,0,0,0,1,0
11.07,2.73,6.6,female,16.7,0,0,0,0,1
18.47,15.1,6.2,female,21.0,0,0,0,0,1
18.63,8.75,6.5,male,2.3,0,0,0,0,1
18.26,14.5,6.6,male,9.7,0,0,0,1,0
17.13,15.86,6.5,female,26.7,0,0,1,0,0
17.69,8.49,6.8,female,24.1,0,0,1,0,0
9.21,10.59,7.9,female,25.9,0,1,0,0,0
6.06,14.69,7.4,female,1.8,0,0,0,1,0
5.86,17.55,6.8,female,15.3,0,1,0,0,0
6.13,4.56,6.5,female,16.9,0,0,1,0,0
4.21,15.73,6.6,female,25.8,0,0,1,0,0
9.3,10.54,7.3,male,21.9,0,0,1,0,0
13.55,4.39,6.1,female,7.0,0,0,1,0,0
13.87,3.39,6.1,male,21.9,0,0,0,0,1
8.67,10.86,6.7,male,25.8,1,0,0,0,0
12.49,13.99,6.1,female,10.8,0,0,0,1,0
16.3,17.58,6.9,male,26.5,0,1,0,0,0
13.69,7.55,6.4,female,14.4,0,1,0,0,0
2.09,12.39,7.0,male,17.1,0,0,0,0,1
3.02,5.41,6.8,female,23.4,0,0,0,1,0
12.65,18.27,7.0,female,24.3,0,0,0,0,1
15.05,2.67,6.7,male,16.0,0,0,1,0,0
17.18,8.48,7.7,female,10.3,0,0,0,0,1
4.17,8.06,8.0,female,2.2,0,0,1,0,0
11.32,2.24,6.3,male,14.2,0,0,0,1,0
16.72,10.1,6.6,male,1.3,0,1,0,0,0
2.8,6.47,7.7,male,14.9,1,0,0,0,0
3.9,8.63,7.7,female,5.6,1,0,0,0,0
14.54,3.95,6.8,female,11.9,0,0,1,0,0
13.71,9.65,7.3,male,1.8,0,0,0,1,0
13.78,4.96,6.7,female,4.6,1,0,0,0,0
14.36,12.81,7.7,female,1.9,0,1,0,0,0
5.32,15.59,7.4,male,14.6,0,0,0,1,0
9.1,16.99,6.6,male,13.7,0,0,0,0,1
5.04,6.73,7.6,female,27.2,0,0,0,0,1
14.91,17.34,7.1,female,4.4,0,0,0,0,1
5.24,10.67,6.6,male,4.9,0,0,0,0,1
11.56,15.25,6.3,male,4.0,0,1,0,0,0
7.12,4.38,7.4,male,7.6,1,0,0,0,0
5.01,6.45,6.6,male,9.4,0,0,1,0,0
3.13,18.75,6.6,male,26.6,0,0,0,0,1
11.11,9.51,6.9,female,2.0,0,0,0,1,0
3.81,16.36,7.5,female,16.8,0,0,1,0,0
10.48,2.14,7.3,male,12.8,0,1,0,0,0
18.96,4.3,6.8,male,13.4,0,1,0,0,0
7.03,13.34,7.0,female,15.9,0,0,0,1,0
17.4,14.22,7.9,female,25.6,0,0,1,0,0
1.15,4.16,6.5,male,26.7,0,0,0,0,1
17.6,9.46,6.4,male,14.5,1,0,0,0,0
14.6,16.92,6.3,male,5.3,0,0,1,0,0
8.3,9.93,6.0,male,8.3,0,0,1,0,0
16.46,16.35,6.7,male,13.0,1,0,0,0,0
16.06,9.17,6.2,male,11.1,0,0,1,0,0
13.18,6.84,6.9,male,1.4,0,0,0,1,0
18.41,13.23,7.7,male,19.2,0,0,0,0,1
14.25,14.43,8.0,female,11.5,0,0,0,0,1
17.89,9.09,7.8,female,5.6,0,0,0,1,0
1.91,18.15,6.7,female,21.3,0,0,0,0,1
3.71,3.36,6.1,female,26.3,0,0,1,0,0
4.46,2.28,6.3,female,3.1,0,1,0,0,0
17.1,6.25,6.2,male,1.3,0,0,1,0,0
18.41,16.52,6.7,female,10.1,1,0,0,0,0
17.62,11.5,6.4,female,26.9,0,1,0,0,0
11.9,4.13,6.6,female,16.7,0,0,0,0,1
3.91,10.39,7.8,male,7.9,0,0,0,0,1
11.96,12.07,6.3,male,24.5,0,0,0,0,1
19.95,8.53,7.1,female,5.8,0,0,0,0,1
16.83,5.08,7.8,male,14.2,0,0,1,0,0
3.43,14.24,7.8,male,25.8,0,0,1,0,0
11.78,17.05,6.3,female,20.4,0,0,1,0,0
9.4,8.04,6.3,female,6.2,0,0,0,0,1
18.43,13.6,8.0,male,7.6,0,0,1,0,0
15.0,4.04,7.6,female,4.2,0,0,0,0,1
13.67,9.8,6.8,female,18.5,1,0,0,0,0
8.37,8.89,6.6,male,21.0,0,0,0,0,1
10.06,12.15,6.6,male,13.4,0,0,0,0,1
10.51,17.43,6.4,male,9.3,0,1,0,0,0
12.91,2.7,6.2,female,3.4,0,1,0,0,0
19.72,10.48,7.8,female,10.6,0,0,0,1,0
17.46,13.86,7.4,female,14.3,0,0,1,0,0
5.57,3.96,6.6,female,8.8,0,0,1,0,0
12.7,17.53,7.9,male,12.0,1,0,0,0,0
8.76,5.07,7.5,female,8.6,0,0,1,0,0
8.32,8.98,7.0,female,9.7,0,1,0,0,0
19.46,3.19,6.6,female,27.0,0,0,0,1,0
2.48,5.23,6.6,female,14.5,0,1,0,0,0
7.0,10.57,7.4,male,8.3,0,1,0,0,0
9.12,5.85,7.8,female,20.2,0,1,0,0,0
1.21,18.79,6.6,female,27.7,0,1,0,0,0
2.57,11.96,6.8,male,23.5,0,0,0,1,0
16.15,13.47,7.6,female,10.4,0,0,1,0,0
17.79,15.77,6.9,female,21.1,0,1,0,0,0
7.26,17.96,7.5,female,20.9,0,0,0,0,1
15.09,16.04,6.3,male,21.6,0,0,1,0,0
18.58,10.7,7.7,male,5.0,0,0,0,0,1
4.04,9.99,6.2,female,21.3,0,1,0,0,0
7.39,5.93,6.7,female,21.8,0,0,0,1,0
11.19,16.84,7.7,female,4.8,0,0,0,0,1
6.76,16.36,7.1,male,18.5,1,0,0,0,0
11.91,10.44,7.8,female,12.4,1,0,0,0,0
9.8,5.39,6.9,female,17.6,0,0,0,1,0
1.61,8.93,7.7,female,5.5,0,0,0,0,1
14.22,4.52,6.7,male,25.0,1,0,0,0,0
5.82,7.74,7.8,male,18.1,0,0,1,0,0
19.82,15.96,7.3,male,17.1,0,1,0,0,0
9.85,7.02,6.1,female,5.6,0,1,0,0,0
19.26,5.69,7.8,male,27.3,0,0,0,0,1
13.16,12.04,7.5,female,10.9,0,1,0,0,0
16.1,2.41,7.6,male,24.1,0,1,0,0,0
3.67,6.72,6.6,male,16.0,0,0,0,0,1
15.41,11.43,6.9,male,25.7,0,1,0,0,0
9.1,10.47,7.3,male,23.8,1,0,0,0,0
8.89,9.0,7.7,male,18.9,0,0,1,0,0
13.16,16.25,8.0,male,7.7,0,0,0,1,0
17.97,10.76,7.3,female,9.9,0,1,0,0,0
2.68,13.45,8.0,female,5.0,0,1,0,0,0
12.86,8.09,7.2,female,23.1,1,0,0,0,0
3.76,13.49,7.6,male,5.0,1,0,0,0,0
12.69,12.82,7.3,female,21.4,0,0,1,0,0
16.77,7.4,6.4,female,9.0,0,1,0,0,0
8.57,6.38,6.5,female,4.8,0,0,1,0,0
3.52,15.78,6.3,male,17.4,1,0,0,0,0
4.7,12.46,7.3,male,24.8,0,0,0,1,0
18.67,10.9,6.2,male,11.9,1,0,0,0,0
17.67,12.24,7.6,male,16.0,0,0,0,0,1
10.81,7.21,7.4,male,22.0,0,0,1,0,0
9.51,3.02,6.9,male,2.7,0,0,0,1,0
12.51,12.62,6.5,male,22.8,0,0,1,0,0
2.5,17.46,7.4,female,17.1,0,0,1,0,0
14.16,6.22,6.3,male,1.6,0,0,1,0,0
3.17,8.13,7.0,female,24.4,0,1,0,0,0
15.72,17.77,6.0,female,10.4,0,0,0,0,1
13.21,5.22,7.6,female,5.4,0,1,0,0,0
3.4,7.69,7.1,female,16.5,0,0,0,1,0
10.35,4.25,6.8,female,4.9,0,0,1,0,0
17.78,4.91,7.2,male,14.4,0,0,0,0,1
16.72,18.02,6.1,female,23.4,1,0,0,0,0
19.13,2.85,6.1,female,9.1,0,1,0,0,0
12.84,17.25,6.8,female,5.0,0,0,1,0,0
8.82,12.45,6.2,male,24.4,0,1,0,0,0
9.17,13.44,7.5,male,20.8,1,0,0,0,0
8.98,18.76,6.0,female,15.2,1,0,0,0,0
16.11,15.89,6.6,female,6.0,1,0,0,0,0
14.74,9.9,6.1,male,25.4,0,0,1,0,0
14.64,17.96,6.2,male,11.5,1,0,0,0,0
18.15,17.85,7.0,female,19.4,0,0,0,1,0
15.98,8.65,8.0,female,4.0,0,1,0,0,0
14.14,5.78,6.1,female,22.9,0,0,0,0,1
1.62,2.96,7.1,male,5.2,1,0,0,0,0
16.96,10.33,6.2,male,4.1,1,0,0,0,0
14.2,13.58,6.4,male,7.0,1,0,0,0,0
6.61,11.51,7.9,male,13.8,0,0,0,0,1
13.9,9.07,7.8,male,4.6,0,0,0,0,1
7.42,8.85,7.2,male,3.5,0,0,1,0,0
12.15,9.18,6.1,female,13.0,0,0,0,0,1
8.45,5.92,7.8,female,2.1,0,0,0,0,1
2.04,18.25,6.8,male,19.2,0,0,0,1,0
11.86,3.91,6.3,male,1.7,0,0,0,0,1
4.04,17.16,7.7,female,10.9,0,1,0,0,0
11.58,18.74,6.6,male,3.2,0,0,0,0,1
9.48,5.89,6.1,male,27.7,0,0,1,0,0
14.47,18.56,7.7,female,8.6,1,0,0,0,0
4.49,4.54,6.4,male,15.3,0,1,0,0,0
2.02,4.55,7.8,male,27.2,1,0,0,0,0
7.39,18.74,6.5,male,18.5,1,0,0,0,0
13.25,16.04,6.1,female,7.1,0,0,0,0,1
15.04,2.64,6.1,male,17.1,0,0,0,0,1
11.71,2.44,7.6,female,3.3,0,0,0,0,1
8.27,17.35,6.8,female,8.7,0,0,0,1,0
7.23,5.57,6.7,male,4.9,1,0,0,0,0
8.2,10.71,8.0,male,23.4,0,0,0,1,0
8.0,15.69,7.8,female,24.4,0,0,1,0,0
13.69,3.84,6.9,male,12.0,1,0,0,0,0
17.15,11.26,6.6,female,22.9,0,0,1,0,0
5.25,14.45,6.4,male,5.3,0,0,0,1,0
13.5,4.79,7.8,male,14.7,1,0,0,0,0
7.72,16.67,7.8,male,27.8,0,0,0,1,0
10.92,18.09,7.8,male,7.5,0,0,1,0,0
8.85,10.88,6.5,female,11.4,0,1,0,0,0
11.92,8.78,6.3,male,23.7,1,0,0,0,0
12.86,15.03,7.8,male,10.9,0,0,1,0,0
4.76,3.2,6.2,male,7.1,0,1,0,0,0
8.3,13.66,7.3,male,21.1,1,0,0,0,0
7.65,12.25,6.7,male,10.0,1,0,0,0,0
13.35,10.94,7.6,female,4.1,0,0,1,0,0
1.28,5.02,7.9,female,14.1,0,1,0,0,0
14.6,5.19,6.4,male,16.3,0,1,0,0,0
8.32,15.88,6.1,female,26.1,1,0,0,0,0
7.68,3.21,6.4,male,1.1,0,0,1,0,0
16.26,13.14,6.5,female,25.3,1,0,0,0,0
11.76,11.44,7.2,male,6.3,0,0,0,1,0
2.85,17.11,7.0,male,6.5,0,0,1,0,0
6.89,8.27,7.3,female,7.9,0,0,0,1,0
19.72,17.53,6.7,female,25.4,0,1,0,0,0
9.21,16.17,6.2,male,22.9,0,0,0,0,1
18.76,11.59,6.2,male,2.5,1,0,0,0,0
10.75,11.77,7.2,female,18.6,0,1,0,0,0
15.93,16.99,6.7,male,5.4,1,0,0,0,0
13.02,13.74,7.3,male,26.2,0,0,0,1,0
18.02,14.19,7.9,female,15.7,0,0,0,0,1
4.75,8.97,6.0,male,16.6,0,0,1,0,0
7.73,15.65,6.9,female,27.2,1,0,0,0,0
8.01,15.01,6.9,female,7.0,0,0,1,0,0
1.26,16.32,6.4,male,12.9,0,0,0,1,0
2.28,6.82,7.9,female,3.8,0,0,0,0,1
6.15,6.08,6.0,female,27.4,1,0,0,0,0
1.32,3.86,6.8,male,5.2,1,0,0,0,0
14.08,17.34,7.9,male,7.3,1,0,0,0,0
9.7,3.65,6.9,male,5.3,1,0,0,0,0
18.28,9.36,6.8,male,8.0,1,0,0,0,0
15.78,8.78,7.2,female,11.0,0,0,1,0,0
9.43,11.55,7.6,male,17.1,1,0,0,0,0
12.51,5.02,6.6,female,26.0,0,1,0,0,0
12.03,13.07,7.5,female,19.8,0,0,1,0,0
18.51,14.99,7.9,female,23.9,0,1,0,0,0
7.0,7.73,7.8,female,17.2,0,0,0,1,0
10.15,16.5,7.1,male,17.3,0,0,0,1,0
3.56,5.8,7.1,male,12.5,0,0,0,1,0
5.75,4.99,6.1,female,22.8,0,0,0,1,0
10.73,18.64,7.5,male,26.8,0,0,1,0,0
7.83,11.58,6.1,female,4.3,0,0,0,1,0
6.76,12.11,6.2,female,17.6,1,0,0,0,0
14.52,5.06,6.8,female,27.0,1,0,0,0,0
15.83,8.45,6.2,male,8.3,0,0,0,1,0
11.1,2.23,7.3,male,4.0,0,0,0,1,0
1.48,8.2,7.4,female,1.4,0,1,0,0,0
6.65,5.9,7.7,female,19.9,0,0,0,1,0
1.24,7.47,6.0,female,20.7,0,0,1,0,0
16.34,14.79,7.5,male,21.1,0,1,0,0,0
2.49,14.36,6.9,female,20.7,0,1,0,0,0
1.74,16.76,7.3,male,11.1,0,0,0,0,1
15.88,14.81,7.9,male,9.9,0,0,0,1,0
12.75,17.86,6.6,female,8.2,0,0,0,1,0
12.48,3.62,7.7,male,22.8,1,0,0,0,0
18.85,18.82,7.8,female,2.8,0,0,1,0,0
18.79,6.1,7.2,male,19.9,0,1,0,0,0
9.99,2.01,6.2,female,24.4,0,1,0,0,0
14.63,12.97,7.9,female,18.4,0,1,0,0,0
6.27,13.99,7.3,male,25.2,0,1,0,0,0
16.51,16.07,6.2,female,18.8,0,0,1,0,0
3.17,2.92,7.3,male,8.9,1,0,0,0,0
6.75,16.69,6.6,female,12.1,0,0,1,0,0
18.13,10.12,6.1,female,11.8,0,0,0,1,0
10.55,9.61,7.7,male,24.1,0,0,0,0,1
3.47,8.72,6.9,male,11.8,0,0,1,0,0
8.39,18.73,6.6,female,24.0,0,1,0,0,0
17.07,16.43,7.8,male,8.0,0,0,1,0,0
4.43,4.58,6.3,female,2.9,0,0,0,0,1
19.34,14.44,7.8,female,1.7,0,0,1,0,0
5.68,4.81,7.0,male,13.4,0,0,0,0,1
16.72,16.58,7.8,female,18.2,0,1,0,0,0
16.35,6.67,7.6,female,27.4,0,1,0,0,0
9.19,13.63,7.9,male,27.5,0,0,0,1,0
8.31,6.7,7.1,female,20.0,0,1,0,0,0
1.78,7.59,6.5,male,12.6,1,0,0,0,0
19.72,17.92,7.1,male,11.7,0,0,0,1,0
19.56,5.84,6.2,female,14.7,0,0,0,0,1
17.28,7.08,7.5,male,8.9,0,1,0,0,0
7.94,15.7,6.4,female,11.7,0,1,0,0,0
2.47,16.23,7.2,male,7.5,0,0,1,0,0
15.62,11.88,6.1,female,10.9,0,0,1,0,0
14.89,10.13,7.0,male,4.0,0,1,0,0,0
12.89,9.87,6.6,female,11.2,0,0,0,0,1
16.91,6.55,6.4,female,9.6,0,0,0,1,0
6.28,2.71,6.5,female,11.9,0,1,0,0,0
1.69,8.25,6.6,female,5.6,1,0,0,0,0
4.62,4.3,8.0,male,21.5,0,0,1,0,0
12.54,16.88,7.2,female,5.8,0,1,0,0,0
3.12,17.14,7.2,female,1.4,0,0,0,1,0
12.63,4.15,6.0,male,16.7,0,0,1,0,0
18.4,14.23,6.5,male,18.8,1,0,0,0,0
19.66,2.77,6.2,male,20.0,0,0,0,0,1
14.51,17.35,6.1,female,3.4,0,0,1,0,0
12.98,10.63,6.8,female,16.9,0,1,0,0,0
16.29,4.7,6.3,male,20.1,1,0,0,0,0
17.47,15.83,6.2,male,17.9,0,0,0,0,1
7.41,12.08,6.0,female,2.6,0,0,0,0,1
8.78,18.31,6.7,female,2.5,0,0,0,1,0
9.24,17.6,7.9,male,27.4,0,0,0,0,1
10.7,2.84,7.7,male,2.8,0,0,1,0,0
16.44,6.69,8.0,male,19.6,0,0,1,0,0
19.2,6.44,7.9,female,4.8,0,1,0,0,0
12.54,16.23,7.6,male,16.4,0,0,0,1,0
8.95,5.52,6.6,female,12.8,0,0,0,1,0
8.11,9.15,7.3,female,24.4,1,0,0,0,0
7.38,16.61,6.8,male,11.9,0,0,1,0,0
15.01,18.46,7.8,male,10.2,1,0,0,0,0
17.12,6.98,6.7,female,4.4,0,1,0,0,0
8.38,13.75,7.2,male,14.2,0,0,1,0,0
6.74,5.39,6.9,male,22.2,0,0,0,0,1
11.26,10.53,6.8,male,26.8,1,0,0,0,0
2.08,9.07,7.1,female,26.0,0,0,0,0,1
4.13,16.12,7.1,female,6.3,1,0,0,0,0
1.06,5.62,6.4,female,15.0,0,0,0,0,1
5.93,3.24,7.5,female,20.9,1,0,0,0,0
14.56,16.93,7.3,male,17.8,0,1,0,0,0
16.36,12.08,6.8,male,12.3,0,0,0,1,0
2.2,4.27,6.6,female,17.6,1,0,0,0,0
13.02,13.71,7.7,female,6.7,0,1,0,0,0
19.54,3.01,6.9,male,19.6,0,0,0,0,1
5.03,13.5,7.8,male,17.2,0,0,0,0,1
16.42,13.71,7.1,male,15.7,0,0,0,1,0
7.07,2.37,7.0,male,24.5,0,0,0,0,1
13.64,10.92,7.5,male,9.6,1,0,0,0,0
15.88,14.61,6.2,male,19.3,0,0,0,1,0
13.76,15.42,7.5,male,13.5,0,0,0,0,1
1.4,14.04,7.7,male,16.0,0,0,0,1,0
8.01,7.53,6.7,male,13.2,1,0,0,0,0
6.9,16.6,7.4,male,21.5,0,0,0,1,0
10.83,8.2,7.8,male,27.2,0,0,0,1,0
2.26,10.68,7.2,female,23.0,0,0,0,0,1
8.8,5.63,7.9,female,2.7,0,0,0,1,0
3.57,4.96,6.9,female,5.0,0,0,0,0,1
3.7,8.24,7.3,male,25.6,0,0,0,0,1
10.32,13.38,7.4,male,22.7,1,0,0,0,0
13.44,12.74,7.0,male,21.6,0,1,0,0,0
1.51,18.56,8.0,male,16.0,1,0,0,0,0
16.55,11.82,7.0,female,11.5,0,1,0,0,0
2.22,18.43,7.3,female,1.3,1,0,0,0,0
8.08,13.4,7.7,male,11.7,0,0,0,0,1
1.41,7.07,7.3,male,26.3,0,0,1,0,0
17.1,5.76,7.3,male,7.9,0,0,1,0,0
7.3,9.88,7.9,male,27.7,0,0,1,0,0
2.62,2.4,6.9,male,7.6,0,1,0,0,0
14.54,14.2,7.3,female,10.5,0,0,1,0,0
18.01,9.58,6.1,male,14.3,1,0,0,0,0
10.78,3.17,7.1,male,18.2,0,0,1,0,0
7.9,14.78,6.7,male,24.4,0,0,1,0,0
10.53,5.54,6.1,female,23.0,0,1,0,0,0
10.03,15.13,6.1,female,24.5,0,0,0,0,1
6.96,13.05,7.0,female,19.5,0,0,0,0,1
12.68,18.32,7.6,male,13.8,1,0,0,0,0
17.3,11.92,6.4,female,24.5,0,0,0,1,0
8.88,2.57,7.7,female,17.8,1,0,0,0,0
5.79,13.01,7.4,female,9.5,0,0,0,1,0
5.37,8.43,6.2,male,19.9,1,0,0,0,0
3.85,15.74,7.9,male,4.4,0,0,1,0,0
5.81,10.9,7.5,female,6.1,1,0,0,0,0
6.55,4.24,7.0,female,27.3,0,0,0,1,0
13.57,5.48,6.1,female,9.9,0,0,0,0,1
13.4,8.97,7.0,male,6.1,1,0,0,0,0
4.53,7.99,7.0,female,15.1,0,0,1,0,0
18.56,11.39,7.1,female,23.0,0,0,0,1,0
18.94,11.98,6.3,female,3.6,0,0,0,0,1
16.21,2.51,7.9,female,3.2,0,0,1,0,0
18.06,10.0,6.4,female,26.2,0,0,1,0,0
17.01,7.56,6.8,female,27.9,0,0,1,0,0
10.66,5.35,7.9,female,18.0,1,0,0,0,0
2.79,10.4,6.0,female,15.9,0,1,0,0,0
9.36,14.73,6.7,male,9.6,0,1,0,0,0
4.93,18.23,7.8,male,9.0,1,0,0,0,0
8.48,10.22,6.2,female,1.1,0,1,0,0,0
3.04,12.11,6.1,male,16.5,0,1,0,0,0
12.8,12.96,7.1,male,2.0,0,1,0,0,0
8.57,10.03,6.8,male,21.6,0,0,1,0,0
17.43,18.6,6.7,male,14.8,0,1,0,0,0
8.55,14.79,7.5,female,24.4,0,0,0,1,0
9.16,14.7,7.6,male,20.9,0,0,0,0,1
4.47,5.46,7.5,male,10.3,1,0,0,0,0
3.71,16.43,6.5,male,5.1,0,0,0,0,1
16.63,2.22,7.3,male,22.8,1,0,0,0,0
10.61,15.66,7.2,male,3.3,0,0,0,0,1
11.55,3.96,7.5,male,24.7,0,1,0,0,0
19.41,7.79,6.8,male,11.2,0,0,1,0,0
5.48,8.35,6.6,male,11.8,0,0,0,0,1
7.5,7.07,6.3,male,14.0,0,0,0,1,0
8.89,12.07,6.2,male,14.0,0,0,0,1,0
15.41,7.5,7.0,female,7.9,1,0,0,0,0
11.03,16.87,6.4,male,9.7,1,0,0,0,0
14.78,11.08,6.3,male,23.6,0,0,0,1,0
19.95,10.67,7.8,male,4.8,0,0,0,0,1
18.88,2.19,6.4,male,12.4,0,0,0,1,0
17.57,15.35,6.1,female,5.5,1,0,0,0,0
1.83,7.74,7.3,male,11.7,0,0,0,1,0
3.17,9.56,6.4,female,5.0,0,0,1,0,0
2.74,15.56,6.9,female,1.7,0,1,0,0,0
7.55,10.22,6.2,female,24.0,0,0,0,1,0
7.56,10.65,6.9,female,1.7,1,0,0,0,0
7.11,5.02,6.1,male,16.9,0,1,0,0,0
9.63,4.73,6.1,female,8.0,0,0,0,1,0
16.14,18.29,7.2,female,6.9,0,0,1,0,0
12.23,8.4,6.9,male,17.8,1,0,0,0,0
20.0,12.18,6.9,female,9.2,0,0,0,1,0
14.67,6.83,6.7,male,25.5,0,1,0,0,0
16.57,4.55,6.3,female,5.8,1,0,0,0,0
14.62,11.41,7.0,female,12.1,0,1,0,0,0
2.92,17.5,6.9,male,6.2,1,0,0,0,0
18.3,13.69,6.5,female,25.0,0,0,0,0,1
4.82,2.96,6.3,male,15.7,1,0,0,0,0
8.06,8.61,7.1,male,15.9,1,0,0,0,0
18.81,2.31,7.7,female,10.3,0,1,0,0,0
4.34,14.18,7.4,male,23.2,0,0,0,1,0
5.24,6.63,6.4,male,7.5,1,0,0,0,0
11.69,3.81,6.8,male,4.3,0,1,0,0,0
10.91,8.94,6.6,male,21.7,0,0,0,1,0
6.18,9.12,7.2,male,1.6,1,0,0,0,0
11.76,12.44,6.6,female,12.3,1,0,0,0,0
4.95,11.79,7.2,male,25.5,0,0,1,0,0
13.11,9.1,7.3,male,13.5,0,0,1,0,0
12.86,14.33,6.0,female,22.9,1,0,0,0,0
1.29,7.54,7.6,female,15.4,1,0,0,0,0
5.97,11.1,6.4,female,26.6,0,0,1,0,0
7.05,14.29,6.4,male,14.4,0,0,0,1,0
16.55,3.22,6.7,female,22.7,0,1,0,0,0
14.95,4.48,7.1,male,3.9,0,0,0,0,1
14.91,3.02,8.0,male,21.9,0,0,0,0,1
7.18,6.65,6.1,male,26.5,0,0,1,0,0
13.53,10.03,7.8,female,27.0,0,0,0,1,0
16.37,13.29,7.1,male,12.5,0,1,0,0,0
12.49,4.21,6.9,male,22.1,0,0,0,1,0
16.0,11.19,7.3,female,12.0,1,0,0,0,0
19.93,11.97,6.1,female,23.9,1,0,0,0,0
9.68,8.72,7.8,female,25.2,0,0,1,0,0
8.37,17.08,7.5,female,19.2,0,1,0,0,0
16.43,8.75,7.4,male,15.0,0,1,0,0,0
12.24,18.55,7.5,female,21.4,1,0,0,0,0
9.29,13.48,6.9,female,17.5,0,0,1,0,0
1.82,16.72,6.7,male,20.4,0,1,0,0,0
12.5,7.48,8.0,male,19.2,0,0,1,0,0
5.95,10.98,6.7,female,17.2,0,0,1,0,0
1.45,15.96,6.8,female,16.0,0,0,0,0,1
2.28,3.87,7.9,male,2.1,1,0,0,0,0
10.35,17.53,7.3,male,14.3,0,0,0,0,1
18.73,4.59,7.1,male,25.9,0,0,0,1,0
13.55,6.24,6.3,female,6.4,0,0,0,1,0
15.56,18.23,7.7,female,16.2,0,0,0,1,0
15.79,14.7,7.5,male,10.4,1,0,0,0,0
19.44,3.14,6.9,male,3.0,0,0,0,1,0
5.03,7.23,7.7,female,9.9,0,0,1,0,0
3.55,13.69,6.4,female,8.5,1,0,0,0,0
19.01,13.93,7.1,female,25.3,1,0,0,0,0
9.63,17.91,6.9,male,18.4,0,0,0,0,1
11.96,13.4,7.2,female,14.6,0,0,1,0,0
16.52,2.13,7.8,female,24.0,0,0,0,0,1
3.29,3.65,7.9,female,24.1,0,0,0,0,1
4.7,4.5,7.8,male,27.7,1,0,0,0,0
1.48,12.37,6.0,female,24.8,0,0,0,0,1
11.39,14.56,6.1,female,8.2,1,0,0,0,0
6.77,8.0,7.7,female,25.9,0,0,1,0,0
14.58,15.53,6.9,male,23.7,1,0,0,0,0
14.63,12.01,7.5,male,20.5,0,0,0,1,0
4.52,10.32,7.9,female,14.1,0,0,1,0,0
9.8,10.71,7.2,female,15.0,0,0,0,0,1
4.55,8.74,6.9,male,18.4,0,0,0,1,0
19.17,14.73,6.6,female,24.3,0,0,0,0,1
15.01,11.97,7.8,male,4.8,0,0,0,1,0
10.62,13.57,6.9,female,11.9,0,0,0,0,1
17.41,6.05,7.0,male,5.0,0,0,0,1,0
7.33,14.71,7.4,male,3.7,1,0,0,0,0
12.18,9.72,7.7,male,27.7,0,0,0,0,1
16.43,8.02,6.9,male,11.0,0,1,0,0,0
13.86,15.37,6.6,male,18.1,0,0,1,0,0
13.62,7.41,6.8,male,5.4,1,0,0,0,0
14.79,6.61,7.6,female,28.0,0,0,0,0,1
18.11,16.75,8.0,female,3.0,0,0,0,0,1
2.64,6.22,7.7,female,25.9,0,0,1,0,0
14.7,17.18,6.7,female,18.8,0,0,0,1,0
9.97,16.54,7.4,female,3.0,0,1,0,0,0
6.45,13.78,7.4,male,24.6,0,1,0,0,0
10.57,18.33,6.5,male,4.3,0,1,0,0,0
12.22,16.04,6.4,female,8.5,0,1,0,0,0
9.8,18.04,6.4,male,9.5,0,0,1,0,0
20.0,17.61,7.4,male,13.5,0,1,0,0,0
6.35,7.08,7.0,male,4.5,0,0,0,0,1
16.89,10.94,6.3,female,8.4,0,1,0,0,0
16.03,2.4,6.5,male,25.3,1,0,0,0,0
3.67,9.66,6.8,female,26.1,1,0,0,0,0
14.01,17.51,7.8,male,18.9,0,0,1,0,0
1.54,2.51,7.7,female,2.9,1,0,0,0,0
8.06,10.36,6.6,female,17.9,0,0,0,0,1
